DATAFLOW,LAST UPDATE,freq,expend,unit,geo,TIME_PERIOD,OBS_VALUE,OBS_FLAG,CONF_STATUS
ESTAT:IWW_EC_INVEST(1.0),12/12/24 23:00:00,A,FRVES,MIO_EUR,AT,2005,14878,,
ESTAT:IWW_EC_INVEST(1.0),12/12/24 23:00:00,A,FRVES,MIO_EUR,AT,2006,9459,,
ESTAT:IWW_EC_INVEST(1.0),12/12/24 23:00:00,A,FRVES,MIO_EUR,AT,2007,14483,,
ESTAT:IWW_EC_INVEST(1.0),12/12/24 23:00:00,A,FRVES,MIO_EUR,AT,2008,13,,
ESTAT:IWW_EC_INVEST(1.0),12/12/24 23:00:00,A,FRVES,MIO_EUR,AT,2009,17,,
ESTAT:IWW_EC_INVEST(1.0),12/12/24 23:00:00,A,FRVES,MIO_EUR,AT,2010,21,,
ESTAT:IWW_EC_INVEST(1.0),12/12/24 23:00:00,A,FRVES,MIO_EUR,AT,2011,9,,
ESTAT:IWW_EC_INVEST(1.0),12/12/24 23:00:00,A,FRVES,MIO_EUR,AT,2012,14,,
ESTAT:IWW_EC_INVEST(1.0),12/12/24 23:00:00,A,FRVES,MIO_EUR,AT,2013,30,,
ESTAT:IWW_EC_INVEST(1.0),12/12/24 23:00:00,A,FRVES,MIO_EUR,AT,2014,6,,
ESTAT:IWW_EC_INVEST(1.0),12/12/24 23:00:00,A,FRVES,MIO_EUR,AT,2016,6,e,
ESTAT:IWW_EC_INVEST(1.0),12/12/24 23:00:00,A,FRVES,MIO_EUR,AT,2018,6,,
ESTAT:IWW_EC_INVEST(1.0),12/12/24 23:00:00,A,FRVES,MIO_EUR,AT,2019,2,e,
ESTAT:IWW_EC_INVEST(1.0),12/12/24 23:00:00,A,FRVES,MIO_EUR,BG,2008,225,,
ESTAT:IWW_EC_INVEST(1.0),12/12/24 23:00:00,A,FRVES,MIO_EUR,BG,2009,343,,
ESTAT:IWW_EC_INVEST(1.0),12/12/24 23:00:00,A,FRVES,MIO_EUR,BG,2010,48,,
ESTAT:IWW_EC_INVEST(1.0),12/12/24 23:00:00,A,FRVES,MIO_EUR,BG,2011,241,p,
ESTAT:IWW_EC_INVEST(1.0),12/12/24 23:00:00,A,FRVES,MIO_EUR,BG,2012,35,p,
ESTAT:IWW_EC_INVEST(1.0),12/12/24 23:00:00,A,FRVES,MIO_EUR,BG,2013,1.687,,
ESTAT:IWW_EC_INVEST(1.0),12/12/24 23:00:00,A,FRVES,MIO_EUR,BG,2014,1.892,,
ESTAT:IWW_EC_INVEST(1.0),12/12/24 23:00:00,A,FRVES,MIO_EUR,BG,2015,3.170,,
ESTAT:IWW_EC_INVEST(1.0),12/12/24 23:00:00,A,FRVES,MIO_EUR,BG,2016,0.767,,
ESTAT:IWW_EC_INVEST(1.0),12/12/24 23:00:00,A,FRVES,MIO_EUR,BG,2018,0.971,,
ESTAT:IWW_EC_INVEST(1.0),12/12/24 23:00:00,A,FRVES,MIO_EUR,BG,2019,1.329,,
ESTAT:IWW_EC_INVEST(1.0),12/12/24 23:00:00,A,FRVES,MIO_EUR,BG,2020,1.841,,
ESTAT:IWW_EC_INVEST(1.0),12/12/24 23:00:00,A,FRVES,MIO_EUR,BG,2021,2.096,,
ESTAT:IWW_EC_INVEST(1.0),12/12/24 23:00:00,A,FRVES,MIO_EUR,DK,2018,,m,
ESTAT:IWW_EC_INVEST(1.0),12/12/24 23:00:00,A,FRVES,MIO_EUR,DK,2019,,m,
ESTAT:IWW_EC_INVEST(1.0),12/12/24 23:00:00,A,FRVES,MIO_EUR,EE,2013,,m,
ESTAT:IWW_EC_INVEST(1.0),12/12/24 23:00:00,A,FRVES,MIO_EUR,EL,2020,,m,
ESTAT:IWW_EC_INVEST(1.0),12/12/24 23:00:00,A,FRVES,MIO_EUR,EL,2021,,m,
ESTAT:IWW_EC_INVEST(1.0),12/12/24 23:00:00,A,FRVES,MIO_EUR,HR,1996,3,,
ESTAT:IWW_EC_INVEST(1.0),12/12/24 23:00:00,A,FRVES,MIO_EUR,HR,1997,7,,
ESTAT:IWW_EC_INVEST(1.0),12/12/24 23:00:00,A,FRVES,MIO_EUR,HR,1998,9,,
ESTAT:IWW_EC_INVEST(1.0),12/12/24 23:00:00,A,FRVES,MIO_EUR,HR,1999,7,,
ESTAT:IWW_EC_INVEST(1.0),12/12/24 23:00:00,A,FRVES,MIO_EUR,HR,2000,6,,
ESTAT:IWW_EC_INVEST(1.0),12/12/24 23:00:00,A,FRVES,MIO_EUR,HR,2001,6,,
ESTAT:IWW_EC_INVEST(1.0),12/12/24 23:00:00,A,FRVES,MIO_EUR,HR,2002,5,,
ESTAT:IWW_EC_INVEST(1.0),12/12/24 23:00:00,A,FRVES,MIO_EUR,HR,2003,6,,
ESTAT:IWW_EC_INVEST(1.0),12/12/24 23:00:00,A,FRVES,MIO_EUR,HR,2004,5,,
ESTAT:IWW_EC_INVEST(1.0),12/12/24 23:00:00,A,FRVES,MIO_EUR,HR,2005,19,,
ESTAT:IWW_EC_INVEST(1.0),12/12/24 23:00:00,A,FRVES,MIO_EUR,HR,2006,17,,
ESTAT:IWW_EC_INVEST(1.0),12/12/24 23:00:00,A,FRVES,MIO_EUR,HR,2007,20,,
ESTAT:IWW_EC_INVEST(1.0),12/12/24 23:00:00,A,FRVES,MIO_EUR,HR,2008,18,,
ESTAT:IWW_EC_INVEST(1.0),12/12/24 23:00:00,A,FRVES,MIO_EUR,HR,2009,7,,
ESTAT:IWW_EC_INVEST(1.0),12/12/24 23:00:00,A,FRVES,MIO_EUR,HR,2010,4,,
ESTAT:IWW_EC_INVEST(1.0),12/12/24 23:00:00,A,FRVES,MIO_EUR,HR,2011,3,,
ESTAT:IWW_EC_INVEST(1.0),12/12/24 23:00:00,A,FRVES,MIO_EUR,HR,2012,1,,
ESTAT:IWW_EC_INVEST(1.0),12/12/24 23:00:00,A,FRVES,MIO_EUR,HR,2013,0.132,,
ESTAT:IWW_EC_INVEST(1.0),12/12/24 23:00:00,A,FRVES,MIO_EUR,HR,2021,0.930,,
ESTAT:IWW_EC_INVEST(1.0),12/12/24 23:00:00,A,FRVES,MIO_EUR,HR,2022,0.531,,
ESTAT:IWW_EC_INVEST(1.0),12/12/24 23:00:00,A,FRVES,MIO_EUR,HU,2011,574301,,
ESTAT:IWW_EC_INVEST(1.0),12/12/24 23:00:00,A,FRVES,MIO_EUR,HU,2013,0.185,,
ESTAT:IWW_EC_INVEST(1.0),12/12/24 23:00:00,A,FRVES,MIO_EUR,HU,2014,0.117,,
ESTAT:IWW_EC_INVEST(1.0),12/12/24 23:00:00,A,FRVES,MIO_EUR,HU,2015,0.184,,
ESTAT:IWW_EC_INVEST(1.0),12/12/24 23:00:00,A,FRVES,MIO_EUR,HU,2016,0.019,,
ESTAT:IWW_EC_INVEST(1.0),12/12/24 23:00:00,A,FRVES,MIO_EUR,HU,2017,0.142,,
ESTAT:IWW_EC_INVEST(1.0),12/12/24 23:00:00,A,FRVES,MIO_EUR,IT,1996,8560,,
ESTAT:IWW_EC_INVEST(1.0),12/12/24 23:00:00,A,FRVES,MIO_EUR,IT,1997,7730,,
ESTAT:IWW_EC_INVEST(1.0),12/12/24 23:00:00,A,FRVES,MIO_EUR,LT,2004,0,,
ESTAT:IWW_EC_INVEST(1.0),12/12/24 23:00:00,A,FRVES,MIO_EUR,LT,2005,0,,
ESTAT:IWW_EC_INVEST(1.0),12/12/24 23:00:00,A,FRVES,MIO_EUR,LT,2006,0,,
ESTAT:IWW_EC_INVEST(1.0),12/12/24 23:00:00,A,FRVES,MIO_EUR,LT,2007,0,,
ESTAT:IWW_EC_INVEST(1.0),12/12/24 23:00:00,A,FRVES,MIO_EUR,LT,2008,0,,
ESTAT:IWW_EC_INVEST(1.0),12/12/24 23:00:00,A,FRVES,MIO_EUR,LT,2009,0,,
ESTAT:IWW_EC_INVEST(1.0),12/12/24 23:00:00,A,FRVES,MIO_EUR,LT,2010,0,,
ESTAT:IWW_EC_INVEST(1.0),12/12/24 23:00:00,A,FRVES,MIO_EUR,LT,2011,0,,
ESTAT:IWW_EC_INVEST(1.0),12/12/24 23:00:00,A,FRVES,MIO_EUR,LT,2012,0,,
ESTAT:IWW_EC_INVEST(1.0),12/12/24 23:00:00,A,FRVES,MIO_EUR,LT,2013,0,,
ESTAT:IWW_EC_INVEST(1.0),12/12/24 23:00:00,A,FRVES,MIO_EUR,LT,2014,0,,
ESTAT:IWW_EC_INVEST(1.0),12/12/24 23:00:00,A,FRVES,MIO_EUR,LT,2015,0,,
ESTAT:IWW_EC_INVEST(1.0),12/12/24 23:00:00,A,FRVES,MIO_EUR,LT,2016,0,,
ESTAT:IWW_EC_INVEST(1.0),12/12/24 23:00:00,A,FRVES,MIO_EUR,LT,2017,0,,
ESTAT:IWW_EC_INVEST(1.0),12/12/24 23:00:00,A,FRVES,MIO_EUR,LT,2018,0,,
ESTAT:IWW_EC_INVEST(1.0),12/12/24 23:00:00,A,FRVES,MIO_EUR,LT,2019,0,,
ESTAT:IWW_EC_INVEST(1.0),12/12/24 23:00:00,A,FRVES,MIO_EUR,LT,2020,0,,
ESTAT:IWW_EC_INVEST(1.0),12/12/24 23:00:00,A,FRVES,MIO_EUR,LT,2021,0,,
ESTAT:IWW_EC_INVEST(1.0),12/12/24 23:00:00,A,FRVES,MIO_EUR,LT,2022,0,,
ESTAT:IWW_EC_INVEST(1.0),12/12/24 23:00:00,A,FRVES,MIO_EUR,LT,2023,0,,
ESTAT:IWW_EC_INVEST(1.0),12/12/24 23:00:00,A,FRVES,MIO_EUR,MT,2020,,m,
ESTAT:IWW_EC_INVEST(1.0),12/12/24 23:00:00,A,FRVES,MIO_EUR,NL,2019,412,,
ESTAT:IWW_EC_INVEST(1.0),12/12/24 23:00:00,A,FRVES,MIO_EUR,NL,2020,374,,
ESTAT:IWW_EC_INVEST(1.0),12/12/24 23:00:00,A,FRVES,MIO_EUR,NL,2021,427,,
ESTAT:IWW_EC_INVEST(1.0),12/12/24 23:00:00,A,FRVES,MIO_EUR,NL,2022,532,,
ESTAT:IWW_EC_INVEST(1.0),12/12/24 23:00:00,A,FRVES,MIO_EUR,PL,2006,12,,
ESTAT:IWW_EC_INVEST(1.0),12/12/24 23:00:00,A,FRVES,MIO_EUR,PL,2007,8,,
ESTAT:IWW_EC_INVEST(1.0),12/12/24 23:00:00,A,FRVES,MIO_EUR,PL,2008,26,,
ESTAT:IWW_EC_INVEST(1.0),12/12/24 23:00:00,A,FRVES,MIO_EUR,PL,2009,13,,
ESTAT:IWW_EC_INVEST(1.0),12/12/24 23:00:00,A,FRVES,MIO_EUR,PL,2010,234,,
ESTAT:IWW_EC_INVEST(1.0),12/12/24 23:00:00,A,FRVES,MIO_EUR,PL,2011,293,,
ESTAT:IWW_EC_INVEST(1.0),12/12/24 23:00:00,A,FRVES,MIO_EUR,PL,2012,315,,
ESTAT:IWW_EC_INVEST(1.0),12/12/24 23:00:00,A,FRVES,MIO_EUR,PL,2013,0.800,,
ESTAT:IWW_EC_INVEST(1.0),12/12/24 23:00:00,A,FRVES,MIO_EUR,PL,2014,1.969,,
ESTAT:IWW_EC_INVEST(1.0),12/12/24 23:00:00,A,FRVES,MIO_EUR,PL,2015,4.751,,
ESTAT:IWW_EC_INVEST(1.0),12/12/24 23:00:00,A,FRVES,MIO_EUR,PL,2016,0.626,,
ESTAT:IWW_EC_INVEST(1.0),12/12/24 23:00:00,A,FRVES,MIO_EUR,XK,2018,,m,
ESTAT:IWW_EC_INVEST(1.0),12/12/24 23:00:00,A,FRVES_INV,MIO_EUR,AT,2005,12,,
ESTAT:IWW_EC_INVEST(1.0),12/12/24 23:00:00,A,FRVES_INV,MIO_EUR,AT,2006,4705,,
ESTAT:IWW_EC_INVEST(1.0),12/12/24 23:00:00,A,FRVES_INV,MIO_EUR,AT,2007,8765,,
ESTAT:IWW_EC_INVEST(1.0),12/12/24 23:00:00,A,FRVES_INV,MIO_EUR,AT,2008,6,,
ESTAT:IWW_EC_INVEST(1.0),12/12/24 23:00:00,A,FRVES_INV,MIO_EUR,AT,2009,11,,
ESTAT:IWW_EC_INVEST(1.0),12/12/24 23:00:00,A,FRVES_INV,MIO_EUR,AT,2010,16,,
ESTAT:IWW_EC_INVEST(1.0),12/12/24 23:00:00,A,FRVES_INV,MIO_EUR,AT,2011,3,,
ESTAT:IWW_EC_INVEST(1.0),12/12/24 23:00:00,A,FRVES_INV,MIO_EUR,AT,2012,12,,
ESTAT:IWW_EC_INVEST(1.0),12/12/24 23:00:00,A,FRVES_INV,MIO_EUR,AT,2013,27,,
ESTAT:IWW_EC_INVEST(1.0),12/12/24 23:00:00,A,FRVES_INV,MIO_EUR,AT,2014,1,,
ESTAT:IWW_EC_INVEST(1.0),12/12/24 23:00:00,A,FRVES_INV,MIO_EUR,AT,2016,1,e,
ESTAT:IWW_EC_INVEST(1.0),12/12/24 23:00:00,A,FRVES_INV,MIO_EUR,AT,2018,1,,
ESTAT:IWW_EC_INVEST(1.0),12/12/24 23:00:00,A,FRVES_INV,MIO_EUR,AT,2019,1,e,
ESTAT:IWW_EC_INVEST(1.0),12/12/24 23:00:00,A,FRVES_INV,MIO_EUR,CH,1994,1,,
ESTAT:IWW_EC_INVEST(1.0),12/12/24 23:00:00,A,FRVES_INV,MIO_EUR,CH,1995,3,,
ESTAT:IWW_EC_INVEST(1.0),12/12/24 23:00:00,A,FRVES_INV,MIO_EUR,DE,2013,80,,
ESTAT:IWW_EC_INVEST(1.0),12/12/24 23:00:00,A,FRVES_INV,MIO_EUR,DE,2014,75,,
ESTAT:IWW_EC_INVEST(1.0),12/12/24 23:00:00,A,FRVES_INV,MIO_EUR,DE,2015,75,,
ESTAT:IWW_EC_INVEST(1.0),12/12/24 23:00:00,A,FRVES_INV,MIO_EUR,DE,2016,75,,
ESTAT:IWW_EC_INVEST(1.0),12/12/24 23:00:00,A,FRVES_INV,MIO_EUR,DE,2017,80,,
ESTAT:IWW_EC_INVEST(1.0),12/12/24 23:00:00,A,FRVES_INV,MIO_EUR,DE,2018,85,,
ESTAT:IWW_EC_INVEST(1.0),12/12/24 23:00:00,A,FRVES_INV,MIO_EUR,DE,2019,80,,
ESTAT:IWW_EC_INVEST(1.0),12/12/24 23:00:00,A,FRVES_INV,MIO_EUR,DE,2020,75,,
ESTAT:IWW_EC_INVEST(1.0),12/12/24 23:00:00,A,FRVES_INV,MIO_EUR,DE,2021,75,,
ESTAT:IWW_EC_INVEST(1.0),12/12/24 23:00:00,A,FRVES_INV,MIO_EUR,DE,2022,85,,
ESTAT:IWW_EC_INVEST(1.0),12/12/24 23:00:00,A,FRVES_INV,MIO_EUR,DK,2018,,m,
ESTAT:IWW_EC_INVEST(1.0),12/12/24 23:00:00,A,FRVES_INV,MIO_EUR,DK,2019,,m,
ESTAT:IWW_EC_INVEST(1.0),12/12/24 23:00:00,A,FRVES_INV,MIO_EUR,EL,2020,,m,
ESTAT:IWW_EC_INVEST(1.0),12/12/24 23:00:00,A,FRVES_INV,MIO_EUR,EL,2021,,m,
ESTAT:IWW_EC_INVEST(1.0),12/12/24 23:00:00,A,FRVES_INV,MIO_EUR,HR,1996,0,,
ESTAT:IWW_EC_INVEST(1.0),12/12/24 23:00:00,A,FRVES_INV,MIO_EUR,HR,1997,4,,
ESTAT:IWW_EC_INVEST(1.0),12/12/24 23:00:00,A,FRVES_INV,MIO_EUR,HR,1998,7,,
ESTAT:IWW_EC_INVEST(1.0),12/12/24 23:00:00,A,FRVES_INV,MIO_EUR,HR,1999,0,,
ESTAT:IWW_EC_INVEST(1.0),12/12/24 23:00:00,A,FRVES_INV,MIO_EUR,HR,2000,5,,
ESTAT:IWW_EC_INVEST(1.0),12/12/24 23:00:00,A,FRVES_INV,MIO_EUR,HR,2001,5,,
ESTAT:IWW_EC_INVEST(1.0),12/12/24 23:00:00,A,FRVES_INV,MIO_EUR,HR,2002,1,,
ESTAT:IWW_EC_INVEST(1.0),12/12/24 23:00:00,A,FRVES_INV,MIO_EUR,HR,2003,3,,
ESTAT:IWW_EC_INVEST(1.0),12/12/24 23:00:00,A,FRVES_INV,MIO_EUR,HR,2004,2,,
ESTAT:IWW_EC_INVEST(1.0),12/12/24 23:00:00,A,FRVES_INV,MIO_EUR,HR,2005,15,,
ESTAT:IWW_EC_INVEST(1.0),12/12/24 23:00:00,A,FRVES_INV,MIO_EUR,HR,2006,14,,
ESTAT:IWW_EC_INVEST(1.0),12/12/24 23:00:00,A,FRVES_INV,MIO_EUR,HR,2007,15,,
ESTAT:IWW_EC_INVEST(1.0),12/12/24 23:00:00,A,FRVES_INV,MIO_EUR,HR,2008,14,,
ESTAT:IWW_EC_INVEST(1.0),12/12/24 23:00:00,A,FRVES_INV,MIO_EUR,HR,2009,3,,
ESTAT:IWW_EC_INVEST(1.0),12/12/24 23:00:00,A,FRVES_INV,MIO_EUR,HR,2010,2,,
ESTAT:IWW_EC_INVEST(1.0),12/12/24 23:00:00,A,FRVES_INV,MIO_EUR,HR,2011,1,,
ESTAT:IWW_EC_INVEST(1.0),12/12/24 23:00:00,A,FRVES_INV,MIO_EUR,HR,2012,0,,
ESTAT:IWW_EC_INVEST(1.0),12/12/24 23:00:00,A,FRVES_INV,MIO_EUR,HR,2013,0,,
ESTAT:IWW_EC_INVEST(1.0),12/12/24 23:00:00,A,FRVES_INV,MIO_EUR,HR,2022,0.398,,
ESTAT:IWW_EC_INVEST(1.0),12/12/24 23:00:00,A,FRVES_INV,MIO_EUR,HU,2011,57494,,
ESTAT:IWW_EC_INVEST(1.0),12/12/24 23:00:00,A,FRVES_INV,MIO_EUR,IT,1997,2550,,
ESTAT:IWW_EC_INVEST(1.0),12/12/24 23:00:00,A,FRVES_INV,MIO_EUR,LT,2004,0,,
ESTAT:IWW_EC_INVEST(1.0),12/12/24 23:00:00,A,FRVES_INV,MIO_EUR,LT,2005,0,,
ESTAT:IWW_EC_INVEST(1.0),12/12/24 23:00:00,A,FRVES_INV,MIO_EUR,LT,2006,0,,
ESTAT:IWW_EC_INVEST(1.0),12/12/24 23:00:00,A,FRVES_INV,MIO_EUR,LT,2007,0,,
ESTAT:IWW_EC_INVEST(1.0),12/12/24 23:00:00,A,FRVES_INV,MIO_EUR,LT,2008,0,,
ESTAT:IWW_EC_INVEST(1.0),12/12/24 23:00:00,A,FRVES_INV,MIO_EUR,LT,2009,0,,
ESTAT:IWW_EC_INVEST(1.0),12/12/24 23:00:00,A,FRVES_INV,MIO_EUR,LT,2010,0,,
ESTAT:IWW_EC_INVEST(1.0),12/12/24 23:00:00,A,FRVES_INV,MIO_EUR,LT,2011,0,,
ESTAT:IWW_EC_INVEST(1.0),12/12/24 23:00:00,A,FRVES_INV,MIO_EUR,LT,2012,0,,
ESTAT:IWW_EC_INVEST(1.0),12/12/24 23:00:00,A,FRVES_INV,MIO_EUR,LT,2013,0,,
ESTAT:IWW_EC_INVEST(1.0),12/12/24 23:00:00,A,FRVES_INV,MIO_EUR,LT,2014,0,,
ESTAT:IWW_EC_INVEST(1.0),12/12/24 23:00:00,A,FRVES_INV,MIO_EUR,LT,2015,0,,
ESTAT:IWW_EC_INVEST(1.0),12/12/24 23:00:00,A,FRVES_INV,MIO_EUR,LT,2016,0,,
ESTAT:IWW_EC_INVEST(1.0),12/12/24 23:00:00,A,FRVES_INV,MIO_EUR,LT,2017,0,,
ESTAT:IWW_EC_INVEST(1.0),12/12/24 23:00:00,A,FRVES_INV,MIO_EUR,LT,2018,0,,
ESTAT:IWW_EC_INVEST(1.0),12/12/24 23:00:00,A,FRVES_INV,MIO_EUR,LT,2019,0,,
ESTAT:IWW_EC_INVEST(1.0),12/12/24 23:00:00,A,FRVES_INV,MIO_EUR,LT,2020,0,,
ESTAT:IWW_EC_INVEST(1.0),12/12/24 23:00:00,A,FRVES_INV,MIO_EUR,LT,2021,0,,
ESTAT:IWW_EC_INVEST(1.0),12/12/24 23:00:00,A,FRVES_INV,MIO_EUR,LT,2022,0,,
ESTAT:IWW_EC_INVEST(1.0),12/12/24 23:00:00,A,FRVES_INV,MIO_EUR,LT,2023,0,,
ESTAT:IWW_EC_INVEST(1.0),12/12/24 23:00:00,A,FRVES_INV,MIO_EUR,MT,2020,,m,
ESTAT:IWW_EC_INVEST(1.0),12/12/24 23:00:00,A,FRVES_INV,MIO_EUR,NL,2019,122,,
ESTAT:IWW_EC_INVEST(1.0),12/12/24 23:00:00,A,FRVES_INV,MIO_EUR,NL,2020,88,,
ESTAT:IWW_EC_INVEST(1.0),12/12/24 23:00:00,A,FRVES_INV,MIO_EUR,NL,2021,124,,
ESTAT:IWW_EC_INVEST(1.0),12/12/24 23:00:00,A,FRVES_INV,MIO_EUR,NL,2022,208,,
ESTAT:IWW_EC_INVEST(1.0),12/12/24 23:00:00,A,FRVES_INV,MIO_EUR,PL,1998,4,,
ESTAT:IWW_EC_INVEST(1.0),12/12/24 23:00:00,A,FRVES_INV,MIO_EUR,PL,1999,11,,
ESTAT:IWW_EC_INVEST(1.0),12/12/24 23:00:00,A,FRVES_INV,MIO_EUR,PL,2000,27,,
ESTAT:IWW_EC_INVEST(1.0),12/12/24 23:00:00,A,FRVES_INV,MIO_EUR,PL,2001,53,,
ESTAT:IWW_EC_INVEST(1.0),12/12/24 23:00:00,A,FRVES_INV,MIO_EUR,PL,2002,54,,
ESTAT:IWW_EC_INVEST(1.0),12/12/24 23:00:00,A,FRVES_INV,MIO_EUR,PL,2003,35,d,
ESTAT:IWW_EC_INVEST(1.0),12/12/24 23:00:00,A,FRVES_INV,MIO_EUR,PL,2004,4,,
ESTAT:IWW_EC_INVEST(1.0),12/12/24 23:00:00,A,FRVES_INV,MIO_EUR,PL,2005,10,d,
ESTAT:IWW_EC_INVEST(1.0),12/12/24 23:00:00,A,FRVES_INV,MIO_EUR,PL,2006,12,,
ESTAT:IWW_EC_INVEST(1.0),12/12/24 23:00:00,A,FRVES_INV,MIO_EUR,PL,2007,8,,
ESTAT:IWW_EC_INVEST(1.0),12/12/24 23:00:00,A,FRVES_INV,MIO_EUR,PL,2008,26,,
ESTAT:IWW_EC_INVEST(1.0),12/12/24 23:00:00,A,FRVES_INV,MIO_EUR,PL,2009,13,,
ESTAT:IWW_EC_INVEST(1.0),12/12/24 23:00:00,A,FRVES_INV,MIO_EUR,PL,2010,234,,
ESTAT:IWW_EC_INVEST(1.0),12/12/24 23:00:00,A,FRVES_INV,MIO_EUR,PL,2011,238,,
ESTAT:IWW_EC_INVEST(1.0),12/12/24 23:00:00,A,FRVES_INV,MIO_EUR,PL,2012,315,,
ESTAT:IWW_EC_INVEST(1.0),12/12/24 23:00:00,A,FRVES_INV,MIO_EUR,PL,2013,0.800,,
ESTAT:IWW_EC_INVEST(1.0),12/12/24 23:00:00,A,FRVES_INV,MIO_EUR,PL,2014,1.969,,
ESTAT:IWW_EC_INVEST(1.0),12/12/24 23:00:00,A,FRVES_INV,MIO_EUR,PL,2015,4.751,,
ESTAT:IWW_EC_INVEST(1.0),12/12/24 23:00:00,A,FRVES_INV,MIO_EUR,PL,2016,0.626,,
ESTAT:IWW_EC_INVEST(1.0),12/12/24 23:00:00,A,FRVES_INV,MIO_EUR,XK,2018,,m,
ESTAT:IWW_EC_INVEST(1.0),12/12/24 23:00:00,A,FRVES_MNT,MIO_EUR,AT,2005,2878,d,
ESTAT:IWW_EC_INVEST(1.0),12/12/24 23:00:00,A,FRVES_MNT,MIO_EUR,AT,2006,4754,d,
ESTAT:IWW_EC_INVEST(1.0),12/12/24 23:00:00,A,FRVES_MNT,MIO_EUR,AT,2007,5718,,
ESTAT:IWW_EC_INVEST(1.0),12/12/24 23:00:00,A,FRVES_MNT,MIO_EUR,AT,2009,6,,
ESTAT:IWW_EC_INVEST(1.0),12/12/24 23:00:00,A,FRVES_MNT,MIO_EUR,AT,2010,5,,
ESTAT:IWW_EC_INVEST(1.0),12/12/24 23:00:00,A,FRVES_MNT,MIO_EUR,AT,2011,6,,
ESTAT:IWW_EC_INVEST(1.0),12/12/24 23:00:00,A,FRVES_MNT,MIO_EUR,AT,2012,2,,
ESTAT:IWW_EC_INVEST(1.0),12/12/24 23:00:00,A,FRVES_MNT,MIO_EUR,AT,2013,3,,
ESTAT:IWW_EC_INVEST(1.0),12/12/24 23:00:00,A,FRVES_MNT,MIO_EUR,AT,2014,5,,
ESTAT:IWW_EC_INVEST(1.0),12/12/24 23:00:00,A,FRVES_MNT,MIO_EUR,AT,2016,5,e,
ESTAT:IWW_EC_INVEST(1.0),12/12/24 23:00:00,A,FRVES_MNT,MIO_EUR,AT,2018,5,,
ESTAT:IWW_EC_INVEST(1.0),12/12/24 23:00:00,A,FRVES_MNT,MIO_EUR,AT,2019,1,e,
ESTAT:IWW_EC_INVEST(1.0),12/12/24 23:00:00,A,FRVES_MNT,MIO_EUR,DK,2018,,m,
ESTAT:IWW_EC_INVEST(1.0),12/12/24 23:00:00,A,FRVES_MNT,MIO_EUR,DK,2019,,m,
ESTAT:IWW_EC_INVEST(1.0),12/12/24 23:00:00,A,FRVES_MNT,MIO_EUR,EL,2020,,m,
ESTAT:IWW_EC_INVEST(1.0),12/12/24 23:00:00,A,FRVES_MNT,MIO_EUR,EL,2021,,m,
ESTAT:IWW_EC_INVEST(1.0),12/12/24 23:00:00,A,FRVES_MNT,MIO_EUR,HR,1996,3,,
ESTAT:IWW_EC_INVEST(1.0),12/12/24 23:00:00,A,FRVES_MNT,MIO_EUR,HR,1997,3,,
ESTAT:IWW_EC_INVEST(1.0),12/12/24 23:00:00,A,FRVES_MNT,MIO_EUR,HR,1998,2,,
ESTAT:IWW_EC_INVEST(1.0),12/12/24 23:00:00,A,FRVES_MNT,MIO_EUR,HR,1999,7,,
ESTAT:IWW_EC_INVEST(1.0),12/12/24 23:00:00,A,FRVES_MNT,MIO_EUR,HR,2000,1,,
ESTAT:IWW_EC_INVEST(1.0),12/12/24 23:00:00,A,FRVES_MNT,MIO_EUR,HR,2001,1,,
ESTAT:IWW_EC_INVEST(1.0),12/12/24 23:00:00,A,FRVES_MNT,MIO_EUR,HR,2002,4,,
ESTAT:IWW_EC_INVEST(1.0),12/12/24 23:00:00,A,FRVES_MNT,MIO_EUR,HR,2003,3,,
ESTAT:IWW_EC_INVEST(1.0),12/12/24 23:00:00,A,FRVES_MNT,MIO_EUR,HR,2004,3,,
ESTAT:IWW_EC_INVEST(1.0),12/12/24 23:00:00,A,FRVES_MNT,MIO_EUR,HR,2005,4,,
ESTAT:IWW_EC_INVEST(1.0),12/12/24 23:00:00,A,FRVES_MNT,MIO_EUR,HR,2006,3,,
ESTAT:IWW_EC_INVEST(1.0),12/12/24 23:00:00,A,FRVES_MNT,MIO_EUR,HR,2007,5,,
ESTAT:IWW_EC_INVEST(1.0),12/12/24 23:00:00,A,FRVES_MNT,MIO_EUR,HR,2008,4,,
ESTAT:IWW_EC_INVEST(1.0),12/12/24 23:00:00,A,FRVES_MNT,MIO_EUR,HR,2009,4,,
ESTAT:IWW_EC_INVEST(1.0),12/12/24 23:00:00,A,FRVES_MNT,MIO_EUR,HR,2010,2,,
ESTAT:IWW_EC_INVEST(1.0),12/12/24 23:00:00,A,FRVES_MNT,MIO_EUR,HR,2011,2,,
ESTAT:IWW_EC_INVEST(1.0),12/12/24 23:00:00,A,FRVES_MNT,MIO_EUR,HR,2012,1,,
ESTAT:IWW_EC_INVEST(1.0),12/12/24 23:00:00,A,FRVES_MNT,MIO_EUR,HR,2013,0.132,,
ESTAT:IWW_EC_INVEST(1.0),12/12/24 23:00:00,A,FRVES_MNT,MIO_EUR,HR,2022,0.133,,
ESTAT:IWW_EC_INVEST(1.0),12/12/24 23:00:00,A,FRVES_MNT,MIO_EUR,HU,2011,516807,,
ESTAT:IWW_EC_INVEST(1.0),12/12/24 23:00:00,A,FRVES_MNT,MIO_EUR,IT,1997,5180,,
ESTAT:IWW_EC_INVEST(1.0),12/12/24 23:00:00,A,FRVES_MNT,MIO_EUR,LT,2004,0,,
ESTAT:IWW_EC_INVEST(1.0),12/12/24 23:00:00,A,FRVES_MNT,MIO_EUR,LT,2005,0,,
ESTAT:IWW_EC_INVEST(1.0),12/12/24 23:00:00,A,FRVES_MNT,MIO_EUR,LT,2006,0,,
ESTAT:IWW_EC_INVEST(1.0),12/12/24 23:00:00,A,FRVES_MNT,MIO_EUR,LT,2007,0,,
ESTAT:IWW_EC_INVEST(1.0),12/12/24 23:00:00,A,FRVES_MNT,MIO_EUR,LT,2008,0,,
ESTAT:IWW_EC_INVEST(1.0),12/12/24 23:00:00,A,FRVES_MNT,MIO_EUR,LT,2009,0,,
ESTAT:IWW_EC_INVEST(1.0),12/12/24 23:00:00,A,FRVES_MNT,MIO_EUR,LT,2010,0,,
ESTAT:IWW_EC_INVEST(1.0),12/12/24 23:00:00,A,FRVES_MNT,MIO_EUR,LT,2011,0,,
ESTAT:IWW_EC_INVEST(1.0),12/12/24 23:00:00,A,FRVES_MNT,MIO_EUR,LT,2012,0,,
ESTAT:IWW_EC_INVEST(1.0),12/12/24 23:00:00,A,FRVES_MNT,MIO_EUR,LT,2013,0,,
ESTAT:IWW_EC_INVEST(1.0),12/12/24 23:00:00,A,FRVES_MNT,MIO_EUR,LT,2014,0,,
ESTAT:IWW_EC_INVEST(1.0),12/12/24 23:00:00,A,FRVES_MNT,MIO_EUR,LT,2015,0,,
ESTAT:IWW_EC_INVEST(1.0),12/12/24 23:00:00,A,FRVES_MNT,MIO_EUR,LT,2016,0,,
ESTAT:IWW_EC_INVEST(1.0),12/12/24 23:00:00,A,FRVES_MNT,MIO_EUR,LT,2017,0,,
ESTAT:IWW_EC_INVEST(1.0),12/12/24 23:00:00,A,FRVES_MNT,MIO_EUR,LT,2018,0,,
ESTAT:IWW_EC_INVEST(1.0),12/12/24 23:00:00,A,FRVES_MNT,MIO_EUR,LT,2019,0,,
ESTAT:IWW_EC_INVEST(1.0),12/12/24 23:00:00,A,FRVES_MNT,MIO_EUR,LT,2020,0,,
ESTAT:IWW_EC_INVEST(1.0),12/12/24 23:00:00,A,FRVES_MNT,MIO_EUR,LT,2021,0,,
ESTAT:IWW_EC_INVEST(1.0),12/12/24 23:00:00,A,FRVES_MNT,MIO_EUR,LT,2022,0,,
ESTAT:IWW_EC_INVEST(1.0),12/12/24 23:00:00,A,FRVES_MNT,MIO_EUR,LT,2023,0,,
ESTAT:IWW_EC_INVEST(1.0),12/12/24 23:00:00,A,FRVES_MNT,MIO_EUR,MT,2020,,m,
ESTAT:IWW_EC_INVEST(1.0),12/12/24 23:00:00,A,FRVES_MNT,MIO_EUR,NL,2019,290,,
ESTAT:IWW_EC_INVEST(1.0),12/12/24 23:00:00,A,FRVES_MNT,MIO_EUR,NL,2020,286,,
ESTAT:IWW_EC_INVEST(1.0),12/12/24 23:00:00,A,FRVES_MNT,MIO_EUR,NL,2021,303,,
ESTAT:IWW_EC_INVEST(1.0),12/12/24 23:00:00,A,FRVES_MNT,MIO_EUR,NL,2022,324,,
ESTAT:IWW_EC_INVEST(1.0),12/12/24 23:00:00,A,FRVES_MNT,MIO_EUR,PL,2011,55,,
ESTAT:IWW_EC_INVEST(1.0),12/12/24 23:00:00,A,FRVES_MNT,MIO_EUR,XK,2018,,m,
ESTAT:IWW_EC_INVEST(1.0),12/12/24 23:00:00,A,INF,MIO_EUR,AT,2007,10737,,
ESTAT:IWW_EC_INVEST(1.0),12/12/24 23:00:00,A,INF,MIO_EUR,AT,2008,18,,
ESTAT:IWW_EC_INVEST(1.0),12/12/24 23:00:00,A,INF,MIO_EUR,AT,2009,20,,
ESTAT:IWW_EC_INVEST(1.0),12/12/24 23:00:00,A,INF,MIO_EUR,AT,2010,27,,
ESTAT:IWW_EC_INVEST(1.0),12/12/24 23:00:00,A,INF,MIO_EUR,AT,2011,14,,
ESTAT:IWW_EC_INVEST(1.0),12/12/24 23:00:00,A,INF,MIO_EUR,AT,2012,16,,
ESTAT:IWW_EC_INVEST(1.0),12/12/24 23:00:00,A,INF,MIO_EUR,AT,2013,33,,
ESTAT:IWW_EC_INVEST(1.0),12/12/24 23:00:00,A,INF,MIO_EUR,AT,2014,7,,
ESTAT:IWW_EC_INVEST(1.0),12/12/24 23:00:00,A,INF,MIO_EUR,AT,2020,17,,
ESTAT:IWW_EC_INVEST(1.0),12/12/24 23:00:00,A,INF,MIO_EUR,BG,2008,1,,
ESTAT:IWW_EC_INVEST(1.0),12/12/24 23:00:00,A,INF,MIO_EUR,BG,2010,1,,
ESTAT:IWW_EC_INVEST(1.0),12/12/24 23:00:00,A,INF,MIO_EUR,BG,2019,1.585,,
ESTAT:IWW_EC_INVEST(1.0),12/12/24 23:00:00,A,INF,MIO_EUR,BG,2021,2.250,,
ESTAT:IWW_EC_INVEST(1.0),12/12/24 23:00:00,A,INF,MIO_EUR,CZ,1996,1465,,
ESTAT:IWW_EC_INVEST(1.0),12/12/24 23:00:00,A,INF,MIO_EUR,CZ,1997,1892,,
ESTAT:IWW_EC_INVEST(1.0),12/12/24 23:00:00,A,INF,MIO_EUR,CZ,1998,304,,
ESTAT:IWW_EC_INVEST(1.0),12/12/24 23:00:00,A,INF,MIO_EUR,CZ,1999,226,,
ESTAT:IWW_EC_INVEST(1.0),12/12/24 23:00:00,A,INF,MIO_EUR,CZ,2000,5049,,
ESTAT:IWW_EC_INVEST(1.0),12/12/24 23:00:00,A,INF,MIO_EUR,CZ,2001,3832,,
ESTAT:IWW_EC_INVEST(1.0),12/12/24 23:00:00,A,INF,MIO_EUR,CZ,2002,6214,,
ESTAT:IWW_EC_INVEST(1.0),12/12/24 23:00:00,A,INF,MIO_EUR,CZ,2003,11964,,
ESTAT:IWW_EC_INVEST(1.0),12/12/24 23:00:00,A,INF,MIO_EUR,CZ,2004,7018,,
ESTAT:IWW_EC_INVEST(1.0),12/12/24 23:00:00,A,INF,MIO_EUR,CZ,2005,369,,
ESTAT:IWW_EC_INVEST(1.0),12/12/24 23:00:00,A,INF,MIO_EUR,CZ,2006,5557,,
ESTAT:IWW_EC_INVEST(1.0),12/12/24 23:00:00,A,INF,MIO_EUR,CZ,2007,4691,,
ESTAT:IWW_EC_INVEST(1.0),12/12/24 23:00:00,A,INF,MIO_EUR,CZ,2008,586,,
ESTAT:IWW_EC_INVEST(1.0),12/12/24 23:00:00,A,INF,MIO_EUR,CZ,2009,1605,,
ESTAT:IWW_EC_INVEST(1.0),12/12/24 23:00:00,A,INF,MIO_EUR,CZ,2010,1501,,
ESTAT:IWW_EC_INVEST(1.0),12/12/24 23:00:00,A,INF,MIO_EUR,CZ,2011,592,,
ESTAT:IWW_EC_INVEST(1.0),12/12/24 23:00:00,A,INF,MIO_EUR,CZ,2012,507,,
ESTAT:IWW_EC_INVEST(1.0),12/12/24 23:00:00,A,INF,MIO_EUR,CZ,2013,11.778,,
ESTAT:IWW_EC_INVEST(1.0),12/12/24 23:00:00,A,INF,MIO_EUR,CZ,2014,14.054,,
ESTAT:IWW_EC_INVEST(1.0),12/12/24 23:00:00,A,INF,MIO_EUR,CZ,2015,22.618,,
ESTAT:IWW_EC_INVEST(1.0),12/12/24 23:00:00,A,INF,MIO_EUR,CZ,2016,16.022,,
ESTAT:IWW_EC_INVEST(1.0),12/12/24 23:00:00,A,INF,MIO_EUR,CZ,2017,13.713,,
ESTAT:IWW_EC_INVEST(1.0),12/12/24 23:00:00,A,INF,MIO_EUR,CZ,2018,10.333,,
ESTAT:IWW_EC_INVEST(1.0),12/12/24 23:00:00,A,INF,MIO_EUR,CZ,2019,63.265,,
ESTAT:IWW_EC_INVEST(1.0),12/12/24 23:00:00,A,INF,MIO_EUR,CZ,2020,60.782,,
ESTAT:IWW_EC_INVEST(1.0),12/12/24 23:00:00,A,INF,MIO_EUR,CZ,2021,34.165,,
ESTAT:IWW_EC_INVEST(1.0),12/12/24 23:00:00,A,INF,MIO_EUR,CZ,2022,30.326,,
ESTAT:IWW_EC_INVEST(1.0),12/12/24 23:00:00,A,INF,MIO_EUR,CZ,2023,27.995,,
ESTAT:IWW_EC_INVEST(1.0),12/12/24 23:00:00,A,INF,MIO_EUR,DK,2018,,m,
ESTAT:IWW_EC_INVEST(1.0),12/12/24 23:00:00,A,INF,MIO_EUR,DK,2019,,m,
ESTAT:IWW_EC_INVEST(1.0),12/12/24 23:00:00,A,INF,MIO_EUR,EL,2020,,m,
ESTAT:IWW_EC_INVEST(1.0),12/12/24 23:00:00,A,INF,MIO_EUR,EL,2021,,m,
ESTAT:IWW_EC_INVEST(1.0),12/12/24 23:00:00,A,INF,MIO_EUR,FI,1990,139,,
ESTAT:IWW_EC_INVEST(1.0),12/12/24 23:00:00,A,INF,MIO_EUR,FI,1991,200,,
ESTAT:IWW_EC_INVEST(1.0),12/12/24 23:00:00,A,INF,MIO_EUR,FI,1992,166,,
ESTAT:IWW_EC_INVEST(1.0),12/12/24 23:00:00,A,INF,MIO_EUR,FI,1993,132,,
ESTAT:IWW_EC_INVEST(1.0),12/12/24 23:00:00,A,INF,MIO_EUR,FI,1994,86,,
ESTAT:IWW_EC_INVEST(1.0),12/12/24 23:00:00,A,INF,MIO_EUR,FI,1995,86,,
ESTAT:IWW_EC_INVEST(1.0),12/12/24 23:00:00,A,INF,MIO_EUR,FI,1996,89,,
ESTAT:IWW_EC_INVEST(1.0),12/12/24 23:00:00,A,INF,MIO_EUR,FI,1997,42,,
ESTAT:IWW_EC_INVEST(1.0),12/12/24 23:00:00,A,INF,MIO_EUR,FI,1998,81,,
ESTAT:IWW_EC_INVEST(1.0),12/12/24 23:00:00,A,INF,MIO_EUR,FI,1999,13,d,
ESTAT:IWW_EC_INVEST(1.0),12/12/24 23:00:00,A,INF,MIO_EUR,FI,2000,12,d,
ESTAT:IWW_EC_INVEST(1.0),12/12/24 23:00:00,A,INF,MIO_EUR,FI,2001,12,d,
ESTAT:IWW_EC_INVEST(1.0),12/12/24 23:00:00,A,INF,MIO_EUR,FI,2002,16,d,
ESTAT:IWW_EC_INVEST(1.0),12/12/24 23:00:00,A,INF,MIO_EUR,FI,2003,15,d,
ESTAT:IWW_EC_INVEST(1.0),12/12/24 23:00:00,A,INF,MIO_EUR,FI,2004,17,,
ESTAT:IWW_EC_INVEST(1.0),12/12/24 23:00:00,A,INF,MIO_EUR,FI,2005,15,,
ESTAT:IWW_EC_INVEST(1.0),12/12/24 23:00:00,A,INF,MIO_EUR,FI,2006,15,,
ESTAT:IWW_EC_INVEST(1.0),12/12/24 23:00:00,A,INF,MIO_EUR,FI,2007,17,,
ESTAT:IWW_EC_INVEST(1.0),12/12/24 23:00:00,A,INF,MIO_EUR,FI,2008,18,,
ESTAT:IWW_EC_INVEST(1.0),12/12/24 23:00:00,A,INF,MIO_EUR,FI,2009,16,,
ESTAT:IWW_EC_INVEST(1.0),12/12/24 23:00:00,A,INF,MIO_EUR,FI,2010,15,,
ESTAT:IWW_EC_INVEST(1.0),12/12/24 23:00:00,A,INF,MIO_EUR,FI,2011,14,,
ESTAT:IWW_EC_INVEST(1.0),12/12/24 23:00:00,A,INF,MIO_EUR,FI,2012,14,,
ESTAT:IWW_EC_INVEST(1.0),12/12/24 23:00:00,A,INF,MIO_EUR,FI,2013,13.900,,
ESTAT:IWW_EC_INVEST(1.0),12/12/24 23:00:00,A,INF,MIO_EUR,FI,2014,14.600,,
ESTAT:IWW_EC_INVEST(1.0),12/12/24 23:00:00,A,INF,MIO_EUR,FI,2015,15.500,,
ESTAT:IWW_EC_INVEST(1.0),12/12/24 23:00:00,A,INF,MIO_EUR,FI,2016,16,,
ESTAT:IWW_EC_INVEST(1.0),12/12/24 23:00:00,A,INF,MIO_EUR,FI,2017,19,,
ESTAT:IWW_EC_INVEST(1.0),12/12/24 23:00:00,A,INF,MIO_EUR,FI,2018,19,,
ESTAT:IWW_EC_INVEST(1.0),12/12/24 23:00:00,A,INF,MIO_EUR,FI,2019,16,,
ESTAT:IWW_EC_INVEST(1.0),12/12/24 23:00:00,A,INF,MIO_EUR,FI,2020,17,,
ESTAT:IWW_EC_INVEST(1.0),12/12/24 23:00:00,A,INF,MIO_EUR,FI,2021,18,,
ESTAT:IWW_EC_INVEST(1.0),12/12/24 23:00:00,A,INF,MIO_EUR,FI,2022,16,,
ESTAT:IWW_EC_INVEST(1.0),12/12/24 23:00:00,A,INF,MIO_EUR,FR,2013,224,,
ESTAT:IWW_EC_INVEST(1.0),12/12/24 23:00:00,A,INF,MIO_EUR,FR,2014,180,,
ESTAT:IWW_EC_INVEST(1.0),12/12/24 23:00:00,A,INF,MIO_EUR,FR,2015,200,,
ESTAT:IWW_EC_INVEST(1.0),12/12/24 23:00:00,A,INF,MIO_EUR,FR,2016,192,,
ESTAT:IWW_EC_INVEST(1.0),12/12/24 23:00:00,A,INF,MIO_EUR,FR,2017,26,,
ESTAT:IWW_EC_INVEST(1.0),12/12/24 23:00:00,A,INF,MIO_EUR,FR,2018,226,,
ESTAT:IWW_EC_INVEST(1.0),12/12/24 23:00:00,A,INF,MIO_EUR,FR,2019,163,,
ESTAT:IWW_EC_INVEST(1.0),12/12/24 23:00:00,A,INF,MIO_EUR,FR,2020,307,,
ESTAT:IWW_EC_INVEST(1.0),12/12/24 23:00:00,A,INF,MIO_EUR,FR,2021,350,,
ESTAT:IWW_EC_INVEST(1.0),12/12/24 23:00:00,A,INF,MIO_EUR,FR,2023,378,b,
ESTAT:IWW_EC_INVEST(1.0),12/12/24 23:00:00,A,INF,MIO_EUR,HR,1998,10,,
ESTAT:IWW_EC_INVEST(1.0),12/12/24 23:00:00,A,INF,MIO_EUR,HR,1999,16,,
ESTAT:IWW_EC_INVEST(1.0),12/12/24 23:00:00,A,INF,MIO_EUR,HR,2000,25,,
ESTAT:IWW_EC_INVEST(1.0),12/12/24 23:00:00,A,INF,MIO_EUR,HR,2001,28,,
ESTAT:IWW_EC_INVEST(1.0),12/12/24 23:00:00,A,INF,MIO_EUR,HR,2002,60,,
ESTAT:IWW_EC_INVEST(1.0),12/12/24 23:00:00,A,INF,MIO_EUR,HR,2003,69,,
ESTAT:IWW_EC_INVEST(1.0),12/12/24 23:00:00,A,INF,MIO_EUR,HR,2004,58,,
ESTAT:IWW_EC_INVEST(1.0),12/12/24 23:00:00,A,INF,MIO_EUR,HR,2005,42,,
ESTAT:IWW_EC_INVEST(1.0),12/12/24 23:00:00,A,INF,MIO_EUR,HR,2006,18,,
ESTAT:IWW_EC_INVEST(1.0),12/12/24 23:00:00,A,INF,MIO_EUR,HR,2007,29,,
ESTAT:IWW_EC_INVEST(1.0),12/12/24 23:00:00,A,INF,MIO_EUR,HR,2008,33,,
ESTAT:IWW_EC_INVEST(1.0),12/12/24 23:00:00,A,INF,MIO_EUR,HR,2009,35,,
ESTAT:IWW_EC_INVEST(1.0),12/12/24 23:00:00,A,INF,MIO_EUR,HR,2010,24,,
ESTAT:IWW_EC_INVEST(1.0),12/12/24 23:00:00,A,INF,MIO_EUR,HR,2011,32,d,
ESTAT:IWW_EC_INVEST(1.0),12/12/24 23:00:00,A,INF,MIO_EUR,HR,2012,34,d,
ESTAT:IWW_EC_INVEST(1.0),12/12/24 23:00:00,A,INF,MIO_EUR,HR,2013,2.903,,
ESTAT:IWW_EC_INVEST(1.0),12/12/24 23:00:00,A,INF,MIO_EUR,HU,1998,766,,
ESTAT:IWW_EC_INVEST(1.0),12/12/24 23:00:00,A,INF,MIO_EUR,HU,1999,718,,
ESTAT:IWW_EC_INVEST(1.0),12/12/24 23:00:00,A,INF,MIO_EUR,HU,2000,741,,
ESTAT:IWW_EC_INVEST(1.0),12/12/24 23:00:00,A,INF,MIO_EUR,HU,2001,1480,,
ESTAT:IWW_EC_INVEST(1.0),12/12/24 23:00:00,A,INF,MIO_EUR,HU,2002,12992,,
ESTAT:IWW_EC_INVEST(1.0),12/12/24 23:00:00,A,INF,MIO_EUR,HU,2003,1103,,
ESTAT:IWW_EC_INVEST(1.0),12/12/24 23:00:00,A,INF,MIO_EUR,HU,2006,288,,
ESTAT:IWW_EC_INVEST(1.0),12/12/24 23:00:00,A,INF,MIO_EUR,HU,2010,68272,,
ESTAT:IWW_EC_INVEST(1.0),12/12/24 23:00:00,A,INF,MIO_EUR,HU,2012,357985,,
ESTAT:IWW_EC_INVEST(1.0),12/12/24 23:00:00,A,INF,MIO_EUR,HU,2013,0.961,,
ESTAT:IWW_EC_INVEST(1.0),12/12/24 23:00:00,A,INF,MIO_EUR,HU,2014,1.278,,
ESTAT:IWW_EC_INVEST(1.0),12/12/24 23:00:00,A,INF,MIO_EUR,HU,2015,1.417,,
ESTAT:IWW_EC_INVEST(1.0),12/12/24 23:00:00,A,INF,MIO_EUR,HU,2016,4.429,,
ESTAT:IWW_EC_INVEST(1.0),12/12/24 23:00:00,A,INF,MIO_EUR,HU,2017,2.381,,
ESTAT:IWW_EC_INVEST(1.0),12/12/24 23:00:00,A,INF,MIO_EUR,HU,2018,3.115,,
ESTAT:IWW_EC_INVEST(1.0),12/12/24 23:00:00,A,INF,MIO_EUR,HU,2019,3.070,,
ESTAT:IWW_EC_INVEST(1.0),12/12/24 23:00:00,A,INF,MIO_EUR,HU,2020,5.148,,
ESTAT:IWW_EC_INVEST(1.0),12/12/24 23:00:00,A,INF,MIO_EUR,HU,2021,2.860,,
ESTAT:IWW_EC_INVEST(1.0),12/12/24 23:00:00,A,INF,MIO_EUR,HU,2022,2.481,,
ESTAT:IWW_EC_INVEST(1.0),12/12/24 23:00:00,A,INF,MIO_EUR,HU,2023,2.324,,
ESTAT:IWW_EC_INVEST(1.0),12/12/24 23:00:00,A,INF,MIO_EUR,IE,1997,498,,
ESTAT:IWW_EC_INVEST(1.0),12/12/24 23:00:00,A,INF,MIO_EUR,IE,1998,576,,
ESTAT:IWW_EC_INVEST(1.0),12/12/24 23:00:00,A,INF,MIO_EUR,IE,1999,749,,
ESTAT:IWW_EC_INVEST(1.0),12/12/24 23:00:00,A,INF,MIO_EUR,IE,2000,882,,
ESTAT:IWW_EC_INVEST(1.0),12/12/24 23:00:00,A,INF,MIO_EUR,IE,2001,963,,
ESTAT:IWW_EC_INVEST(1.0),12/12/24 23:00:00,A,INF,MIO_EUR,IT,2000,95,,
ESTAT:IWW_EC_INVEST(1.0),12/12/24 23:00:00,A,INF,MIO_EUR,IT,2001,95,,
ESTAT:IWW_EC_INVEST(1.0),12/12/24 23:00:00,A,INF,MIO_EUR,IT,2002,142,,
ESTAT:IWW_EC_INVEST(1.0),12/12/24 23:00:00,A,INF,MIO_EUR,IT,2003,143,,
ESTAT:IWW_EC_INVEST(1.0),12/12/24 23:00:00,A,INF,MIO_EUR,IT,2004,143,,
ESTAT:IWW_EC_INVEST(1.0),12/12/24 23:00:00,A,INF,MIO_EUR,IT,2005,534,,
ESTAT:IWW_EC_INVEST(1.0),12/12/24 23:00:00,A,INF,MIO_EUR,IT,2006,553,,
ESTAT:IWW_EC_INVEST(1.0),12/12/24 23:00:00,A,INF,MIO_EUR,IT,2007,553,,
ESTAT:IWW_EC_INVEST(1.0),12/12/24 23:00:00,A,INF,MIO_EUR,IT,2008,118,,
ESTAT:IWW_EC_INVEST(1.0),12/12/24 23:00:00,A,INF,MIO_EUR,IT,2009,109,,
ESTAT:IWW_EC_INVEST(1.0),12/12/24 23:00:00,A,INF,MIO_EUR,IT,2010,123,,
ESTAT:IWW_EC_INVEST(1.0),12/12/24 23:00:00,A,INF,MIO_EUR,IT,2011,114,,
ESTAT:IWW_EC_INVEST(1.0),12/12/24 23:00:00,A,INF,MIO_EUR,IT,2012,129,,
ESTAT:IWW_EC_INVEST(1.0),12/12/24 23:00:00,A,INF,MIO_EUR,IT,2013,249,,
ESTAT:IWW_EC_INVEST(1.0),12/12/24 23:00:00,A,INF,MIO_EUR,IT,2014,483,,
ESTAT:IWW_EC_INVEST(1.0),12/12/24 23:00:00,A,INF,MIO_EUR,IT,2015,615,,
ESTAT:IWW_EC_INVEST(1.0),12/12/24 23:00:00,A,INF,MIO_EUR,IT,2016,563,,
ESTAT:IWW_EC_INVEST(1.0),12/12/24 23:00:00,A,INF,MIO_EUR,IT,2017,361,,
ESTAT:IWW_EC_INVEST(1.0),12/12/24 23:00:00,A,INF,MIO_EUR,LT,1996,43,,
ESTAT:IWW_EC_INVEST(1.0),12/12/24 23:00:00,A,INF,MIO_EUR,LT,1997,56,,
ESTAT:IWW_EC_INVEST(1.0),12/12/24 23:00:00,A,INF,MIO_EUR,LT,1998,72,,
ESTAT:IWW_EC_INVEST(1.0),12/12/24 23:00:00,A,INF,MIO_EUR,LT,1999,6,,
ESTAT:IWW_EC_INVEST(1.0),12/12/24 23:00:00,A,INF,MIO_EUR,LT,2000,5,,
ESTAT:IWW_EC_INVEST(1.0),12/12/24 23:00:00,A,INF,MIO_EUR,LT,2001,47,,
ESTAT:IWW_EC_INVEST(1.0),12/12/24 23:00:00,A,INF,MIO_EUR,LT,2002,47,,
ESTAT:IWW_EC_INVEST(1.0),12/12/24 23:00:00,A,INF,MIO_EUR,LT,2003,5166,,
ESTAT:IWW_EC_INVEST(1.0),12/12/24 23:00:00,A,INF,MIO_EUR,LT,2004,51,,
ESTAT:IWW_EC_INVEST(1.0),12/12/24 23:00:00,A,INF,MIO_EUR,LT,2005,7,,
ESTAT:IWW_EC_INVEST(1.0),12/12/24 23:00:00,A,INF,MIO_EUR,LT,2006,131,,
ESTAT:IWW_EC_INVEST(1.0),12/12/24 23:00:00,A,INF,MIO_EUR,LT,2007,2043,,
ESTAT:IWW_EC_INVEST(1.0),12/12/24 23:00:00,A,INF,MIO_EUR,LT,2008,1259,,
ESTAT:IWW_EC_INVEST(1.0),12/12/24 23:00:00,A,INF,MIO_EUR,LT,2009,69,,
ESTAT:IWW_EC_INVEST(1.0),12/12/24 23:00:00,A,INF,MIO_EUR,LT,2010,479,,
ESTAT:IWW_EC_INVEST(1.0),12/12/24 23:00:00,A,INF,MIO_EUR,LT,2011,1218,,
ESTAT:IWW_EC_INVEST(1.0),12/12/24 23:00:00,A,INF,MIO_EUR,LT,2012,77,,
ESTAT:IWW_EC_INVEST(1.0),12/12/24 23:00:00,A,INF,MIO_EUR,LT,2013,9.600,,
ESTAT:IWW_EC_INVEST(1.0),12/12/24 23:00:00,A,INF,MIO_EUR,LT,2014,4.500,,
ESTAT:IWW_EC_INVEST(1.0),12/12/24 23:00:00,A,INF,MIO_EUR,LT,2015,2.800,,
ESTAT:IWW_EC_INVEST(1.0),12/12/24 23:00:00,A,INF,MIO_EUR,LT,2016,3.900,,
ESTAT:IWW_EC_INVEST(1.0),12/12/24 23:00:00,A,INF,MIO_EUR,LT,2017,1.900,,
ESTAT:IWW_EC_INVEST(1.0),12/12/24 23:00:00,A,INF,MIO_EUR,LT,2018,2,,
ESTAT:IWW_EC_INVEST(1.0),12/12/24 23:00:00,A,INF,MIO_EUR,LT,2019,2,,
ESTAT:IWW_EC_INVEST(1.0),12/12/24 23:00:00,A,INF,MIO_EUR,LT,2020,3.100,,
ESTAT:IWW_EC_INVEST(1.0),12/12/24 23:00:00,A,INF,MIO_EUR,LT,2021,4.600,,
ESTAT:IWW_EC_INVEST(1.0),12/12/24 23:00:00,A,INF,MIO_EUR,LT,2022,11.700,,
ESTAT:IWW_EC_INVEST(1.0),12/12/24 23:00:00,A,INF,MIO_EUR,LT,2023,28.100,,
ESTAT:IWW_EC_INVEST(1.0),12/12/24 23:00:00,A,INF,MIO_EUR,MT,2020,,m,
ESTAT:IWW_EC_INVEST(1.0),12/12/24 23:00:00,A,INF,MIO_EUR,NL,2019,997,,
ESTAT:IWW_EC_INVEST(1.0),12/12/24 23:00:00,A,INF,MIO_EUR,NL,2020,1037,,
ESTAT:IWW_EC_INVEST(1.0),12/12/24 23:00:00,A,INF,MIO_EUR,NL,2021,1405,,
ESTAT:IWW_EC_INVEST(1.0),12/12/24 23:00:00,A,INF,MIO_EUR,NL,2022,1447,,
ESTAT:IWW_EC_INVEST(1.0),12/12/24 23:00:00,A,INF,MIO_EUR,NL,2023,1304,,
ESTAT:IWW_EC_INVEST(1.0),12/12/24 23:00:00,A,INF,MIO_EUR,PL,2006,56,,
ESTAT:IWW_EC_INVEST(1.0),12/12/24 23:00:00,A,INF,MIO_EUR,PL,2007,56,,
ESTAT:IWW_EC_INVEST(1.0),12/12/24 23:00:00,A,INF,MIO_EUR,PL,2008,3,,
ESTAT:IWW_EC_INVEST(1.0),12/12/24 23:00:00,A,INF,MIO_EUR,PL,2009,6,,
ESTAT:IWW_EC_INVEST(1.0),12/12/24 23:00:00,A,INF,MIO_EUR,PL,2010,54,,
ESTAT:IWW_EC_INVEST(1.0),12/12/24 23:00:00,A,INF,MIO_EUR,PL,2011,7,,
ESTAT:IWW_EC_INVEST(1.0),12/12/24 23:00:00,A,INF,MIO_EUR,PL,2012,22,,
ESTAT:IWW_EC_INVEST(1.0),12/12/24 23:00:00,A,INF,MIO_EUR,PL,2013,0.098,,
ESTAT:IWW_EC_INVEST(1.0),12/12/24 23:00:00,A,INF,MIO_EUR,PL,2014,0.045,,
ESTAT:IWW_EC_INVEST(1.0),12/12/24 23:00:00,A,INF,MIO_EUR,PL,2015,0.160,,
ESTAT:IWW_EC_INVEST(1.0),12/12/24 23:00:00,A,INF,MIO_EUR,PL,2016,1.797,,
ESTAT:IWW_EC_INVEST(1.0),12/12/24 23:00:00,A,INF,MIO_EUR,SK,2003,168,,
ESTAT:IWW_EC_INVEST(1.0),12/12/24 23:00:00,A,INF,MIO_EUR,SK,2004,1144,,
ESTAT:IWW_EC_INVEST(1.0),12/12/24 23:00:00,A,INF,MIO_EUR,SK,2005,1159,,
ESTAT:IWW_EC_INVEST(1.0),12/12/24 23:00:00,A,INF,MIO_EUR,SK,2006,786,,
ESTAT:IWW_EC_INVEST(1.0),12/12/24 23:00:00,A,INF,MIO_EUR,SK,2007,491,,
ESTAT:IWW_EC_INVEST(1.0),12/12/24 23:00:00,A,INF,MIO_EUR,SK,2008,1427,,
ESTAT:IWW_EC_INVEST(1.0),12/12/24 23:00:00,A,INF,MIO_EUR,SK,2010,51,,
ESTAT:IWW_EC_INVEST(1.0),12/12/24 23:00:00,A,INF,MIO_EUR,SK,2011,36,,
ESTAT:IWW_EC_INVEST(1.0),12/12/24 23:00:00,A,INF,MIO_EUR,SK,2012,4,,
ESTAT:IWW_EC_INVEST(1.0),12/12/24 23:00:00,A,INF,MIO_EUR,SK,2013,4.400,,
ESTAT:IWW_EC_INVEST(1.0),12/12/24 23:00:00,A,INF,MIO_EUR,SK,2014,9.600,,
ESTAT:IWW_EC_INVEST(1.0),12/12/24 23:00:00,A,INF,MIO_EUR,SK,2015,3.700,,
ESTAT:IWW_EC_INVEST(1.0),12/12/24 23:00:00,A,INF,MIO_EUR,SK,2016,0.400,,
ESTAT:IWW_EC_INVEST(1.0),12/12/24 23:00:00,A,INF,MIO_EUR,SK,2017,8.200,,
ESTAT:IWW_EC_INVEST(1.0),12/12/24 23:00:00,A,INF,MIO_EUR,SK,2018,3.300,,
ESTAT:IWW_EC_INVEST(1.0),12/12/24 23:00:00,A,INF,MIO_EUR,SK,2019,4.300,,
ESTAT:IWW_EC_INVEST(1.0),12/12/24 23:00:00,A,INF,MIO_EUR,SK,2020,3.100,,
ESTAT:IWW_EC_INVEST(1.0),12/12/24 23:00:00,A,INF,MIO_EUR,SK,2021,2.100,,
ESTAT:IWW_EC_INVEST(1.0),12/12/24 23:00:00,A,INF,MIO_EUR,SK,2022,3.500,,
ESTAT:IWW_EC_INVEST(1.0),12/12/24 23:00:00,A,INF,MIO_EUR,SK,2023,2.900,,
ESTAT:IWW_EC_INVEST(1.0),12/12/24 23:00:00,A,INF,MIO_EUR,XK,2018,,m,
ESTAT:IWW_EC_INVEST(1.0),12/12/24 23:00:00,A,INF_INV,MIO_EUR,AT,2005,12,,
ESTAT:IWW_EC_INVEST(1.0),12/12/24 23:00:00,A,INF_INV,MIO_EUR,AT,2006,6073,,
ESTAT:IWW_EC_INVEST(1.0),12/12/24 23:00:00,A,INF_INV,MIO_EUR,AT,2007,5019,,
ESTAT:IWW_EC_INVEST(1.0),12/12/24 23:00:00,A,INF_INV,MIO_EUR,AT,2009,14,,
ESTAT:IWW_EC_INVEST(1.0),12/12/24 23:00:00,A,INF_INV,MIO_EUR,AT,2010,22,,
ESTAT:IWW_EC_INVEST(1.0),12/12/24 23:00:00,A,INF_INV,MIO_EUR,AT,2011,8,,
ESTAT:IWW_EC_INVEST(1.0),12/12/24 23:00:00,A,INF_INV,MIO_EUR,AT,2012,14,,
ESTAT:IWW_EC_INVEST(1.0),12/12/24 23:00:00,A,INF_INV,MIO_EUR,AT,2013,29,,
ESTAT:IWW_EC_INVEST(1.0),12/12/24 23:00:00,A,INF_INV,MIO_EUR,AT,2014,2,,
ESTAT:IWW_EC_INVEST(1.0),12/12/24 23:00:00,A,INF_INV,MIO_EUR,AT,2020,4,,
ESTAT:IWW_EC_INVEST(1.0),12/12/24 23:00:00,A,INF_INV,MIO_EUR,BG,2008,233,,
ESTAT:IWW_EC_INVEST(1.0),12/12/24 23:00:00,A,INF_INV,MIO_EUR,BG,2009,375,,
ESTAT:IWW_EC_INVEST(1.0),12/12/24 23:00:00,A,INF_INV,MIO_EUR,BG,2010,55,,
ESTAT:IWW_EC_INVEST(1.0),12/12/24 23:00:00,A,INF_INV,MIO_EUR,BG,2011,273,,
ESTAT:IWW_EC_INVEST(1.0),12/12/24 23:00:00,A,INF_INV,MIO_EUR,BG,2012,7,p,
ESTAT:IWW_EC_INVEST(1.0),12/12/24 23:00:00,A,INF_INV,MIO_EUR,BG,2013,2.147,,
ESTAT:IWW_EC_INVEST(1.0),12/12/24 23:00:00,A,INF_INV,MIO_EUR,BG,2014,2.403,,
ESTAT:IWW_EC_INVEST(1.0),12/12/24 23:00:00,A,INF_INV,MIO_EUR,BG,2015,3.937,,
ESTAT:IWW_EC_INVEST(1.0),12/12/24 23:00:00,A,INF_INV,MIO_EUR,BG,2016,0.920,,
ESTAT:IWW_EC_INVEST(1.0),12/12/24 23:00:00,A,INF_INV,MIO_EUR,BG,2018,1.176,,
ESTAT:IWW_EC_INVEST(1.0),12/12/24 23:00:00,A,INF_INV,MIO_EUR,BG,2019,1.585,,
ESTAT:IWW_EC_INVEST(1.0),12/12/24 23:00:00,A,INF_INV,MIO_EUR,BG,2020,1.943,,
ESTAT:IWW_EC_INVEST(1.0),12/12/24 23:00:00,A,INF_INV,MIO_EUR,BG,2021,2.250,,
ESTAT:IWW_EC_INVEST(1.0),12/12/24 23:00:00,A,INF_INV,MIO_EUR,CH,1994,69,,
ESTAT:IWW_EC_INVEST(1.0),12/12/24 23:00:00,A,INF_INV,MIO_EUR,CH,1995,8,,
ESTAT:IWW_EC_INVEST(1.0),12/12/24 23:00:00,A,INF_INV,MIO_EUR,CZ,1996,155,,
ESTAT:IWW_EC_INVEST(1.0),12/12/24 23:00:00,A,INF_INV,MIO_EUR,CZ,1997,874,,
ESTAT:IWW_EC_INVEST(1.0),12/12/24 23:00:00,A,INF_INV,MIO_EUR,CZ,1998,202,,
ESTAT:IWW_EC_INVEST(1.0),12/12/24 23:00:00,A,INF_INV,MIO_EUR,CZ,1999,115,,
ESTAT:IWW_EC_INVEST(1.0),12/12/24 23:00:00,A,INF_INV,MIO_EUR,CZ,2000,4022,,
ESTAT:IWW_EC_INVEST(1.0),12/12/24 23:00:00,A,INF_INV,MIO_EUR,CZ,2001,2922,,
ESTAT:IWW_EC_INVEST(1.0),12/12/24 23:00:00,A,INF_INV,MIO_EUR,CZ,2002,5129,,
ESTAT:IWW_EC_INVEST(1.0),12/12/24 23:00:00,A,INF_INV,MIO_EUR,CZ,2003,3658,,
ESTAT:IWW_EC_INVEST(1.0),12/12/24 23:00:00,A,INF_INV,MIO_EUR,CZ,2004,3674,,
ESTAT:IWW_EC_INVEST(1.0),12/12/24 23:00:00,A,INF_INV,MIO_EUR,CZ,2005,303,,
ESTAT:IWW_EC_INVEST(1.0),12/12/24 23:00:00,A,INF_INV,MIO_EUR,CZ,2006,5267,,
ESTAT:IWW_EC_INVEST(1.0),12/12/24 23:00:00,A,INF_INV,MIO_EUR,CZ,2007,3897,,
ESTAT:IWW_EC_INVEST(1.0),12/12/24 23:00:00,A,INF_INV,MIO_EUR,CZ,2008,538,,
ESTAT:IWW_EC_INVEST(1.0),12/12/24 23:00:00,A,INF_INV,MIO_EUR,CZ,2009,1557,,
ESTAT:IWW_EC_INVEST(1.0),12/12/24 23:00:00,A,INF_INV,MIO_EUR,CZ,2010,1462,,
ESTAT:IWW_EC_INVEST(1.0),12/12/24 23:00:00,A,INF_INV,MIO_EUR,CZ,2011,549,,
ESTAT:IWW_EC_INVEST(1.0),12/12/24 23:00:00,A,INF_INV,MIO_EUR,CZ,2012,433,,
ESTAT:IWW_EC_INVEST(1.0),12/12/24 23:00:00,A,INF_INV,MIO_EUR,CZ,2013,7.159,,
ESTAT:IWW_EC_INVEST(1.0),12/12/24 23:00:00,A,INF_INV,MIO_EUR,CZ,2014,9.551,,
ESTAT:IWW_EC_INVEST(1.0),12/12/24 23:00:00,A,INF_INV,MIO_EUR,CZ,2015,15.140,,
ESTAT:IWW_EC_INVEST(1.0),12/12/24 23:00:00,A,INF_INV,MIO_EUR,CZ,2016,9.773,,
ESTAT:IWW_EC_INVEST(1.0),12/12/24 23:00:00,A,INF_INV,MIO_EUR,CZ,2017,7.217,,
ESTAT:IWW_EC_INVEST(1.0),12/12/24 23:00:00,A,INF_INV,MIO_EUR,CZ,2018,2.768,,
ESTAT:IWW_EC_INVEST(1.0),12/12/24 23:00:00,A,INF_INV,MIO_EUR,CZ,2019,51.110,,
ESTAT:IWW_EC_INVEST(1.0),12/12/24 23:00:00,A,INF_INV,MIO_EUR,CZ,2020,55.490,,
ESTAT:IWW_EC_INVEST(1.0),12/12/24 23:00:00,A,INF_INV,MIO_EUR,CZ,2021,30.226,,
ESTAT:IWW_EC_INVEST(1.0),12/12/24 23:00:00,A,INF_INV,MIO_EUR,CZ,2022,24.139,,
ESTAT:IWW_EC_INVEST(1.0),12/12/24 23:00:00,A,INF_INV,MIO_EUR,CZ,2023,20.705,,
ESTAT:IWW_EC_INVEST(1.0),12/12/24 23:00:00,A,INF_INV,MIO_EUR,DE,2013,865,,
ESTAT:IWW_EC_INVEST(1.0),12/12/24 23:00:00,A,INF_INV,MIO_EUR,DE,2014,865,,
ESTAT:IWW_EC_INVEST(1.0),12/12/24 23:00:00,A,INF_INV,MIO_EUR,DE,2015,830,,
ESTAT:IWW_EC_INVEST(1.0),12/12/24 23:00:00,A,INF_INV,MIO_EUR,DE,2016,895,,
ESTAT:IWW_EC_INVEST(1.0),12/12/24 23:00:00,A,INF_INV,MIO_EUR,DE,2017,860,,
ESTAT:IWW_EC_INVEST(1.0),12/12/24 23:00:00,A,INF_INV,MIO_EUR,DE,2018,910,,
ESTAT:IWW_EC_INVEST(1.0),12/12/24 23:00:00,A,INF_INV,MIO_EUR,DE,2019,1110,,
ESTAT:IWW_EC_INVEST(1.0),12/12/24 23:00:00,A,INF_INV,MIO_EUR,DE,2020,118,,
ESTAT:IWW_EC_INVEST(1.0),12/12/24 23:00:00,A,INF_INV,MIO_EUR,DE,2021,68,,
ESTAT:IWW_EC_INVEST(1.0),12/12/24 23:00:00,A,INF_INV,MIO_EUR,DE,2022,80,,
ESTAT:IWW_EC_INVEST(1.0),12/12/24 23:00:00,A,INF_INV,MIO_EUR,DK,2018,,m,
ESTAT:IWW_EC_INVEST(1.0),12/12/24 23:00:00,A,INF_INV,MIO_EUR,DK,2019,,m,
ESTAT:IWW_EC_INVEST(1.0),12/12/24 23:00:00,A,INF_INV,MIO_EUR,EL,2020,,m,
ESTAT:IWW_EC_INVEST(1.0),12/12/24 23:00:00,A,INF_INV,MIO_EUR,EL,2021,,m,
ESTAT:IWW_EC_INVEST(1.0),12/12/24 23:00:00,A,INF_INV,MIO_EUR,FI,1990,61,,
ESTAT:IWW_EC_INVEST(1.0),12/12/24 23:00:00,A,INF_INV,MIO_EUR,FI,1991,100,,
ESTAT:IWW_EC_INVEST(1.0),12/12/24 23:00:00,A,INF_INV,MIO_EUR,FI,1992,86,,
ESTAT:IWW_EC_INVEST(1.0),12/12/24 23:00:00,A,INF_INV,MIO_EUR,FI,1993,52,,
ESTAT:IWW_EC_INVEST(1.0),12/12/24 23:00:00,A,INF_INV,MIO_EUR,FI,1994,6,,
ESTAT:IWW_EC_INVEST(1.0),12/12/24 23:00:00,A,INF_INV,MIO_EUR,FI,1995,10,,
ESTAT:IWW_EC_INVEST(1.0),12/12/24 23:00:00,A,INF_INV,MIO_EUR,FI,1996,11,,
ESTAT:IWW_EC_INVEST(1.0),12/12/24 23:00:00,A,INF_INV,MIO_EUR,FI,1997,7,,
ESTAT:IWW_EC_INVEST(1.0),12/12/24 23:00:00,A,INF_INV,MIO_EUR,FI,1998,6,,
ESTAT:IWW_EC_INVEST(1.0),12/12/24 23:00:00,A,INF_INV,MIO_EUR,FI,1999,1,d,
ESTAT:IWW_EC_INVEST(1.0),12/12/24 23:00:00,A,INF_INV,MIO_EUR,FI,2000,0,d,
ESTAT:IWW_EC_INVEST(1.0),12/12/24 23:00:00,A,INF_INV,MIO_EUR,FI,2001,1,d,
ESTAT:IWW_EC_INVEST(1.0),12/12/24 23:00:00,A,INF_INV,MIO_EUR,FI,2002,5,d,
ESTAT:IWW_EC_INVEST(1.0),12/12/24 23:00:00,A,INF_INV,MIO_EUR,FI,2003,2,d,
ESTAT:IWW_EC_INVEST(1.0),12/12/24 23:00:00,A,INF_INV,MIO_EUR,FI,2004,4,,
ESTAT:IWW_EC_INVEST(1.0),12/12/24 23:00:00,A,INF_INV,MIO_EUR,FI,2005,1,,
ESTAT:IWW_EC_INVEST(1.0),12/12/24 23:00:00,A,INF_INV,MIO_EUR,FI,2006,1,,
ESTAT:IWW_EC_INVEST(1.0),12/12/24 23:00:00,A,INF_INV,MIO_EUR,FI,2007,2,,
ESTAT:IWW_EC_INVEST(1.0),12/12/24 23:00:00,A,INF_INV,MIO_EUR,FI,2008,2,,
ESTAT:IWW_EC_INVEST(1.0),12/12/24 23:00:00,A,INF_INV,MIO_EUR,FI,2009,1,,
ESTAT:IWW_EC_INVEST(1.0),12/12/24 23:00:00,A,INF_INV,MIO_EUR,FI,2010,1,,
ESTAT:IWW_EC_INVEST(1.0),12/12/24 23:00:00,A,INF_INV,MIO_EUR,FI,2011,1,,
ESTAT:IWW_EC_INVEST(1.0),12/12/24 23:00:00,A,INF_INV,MIO_EUR,FI,2012,2,,
ESTAT:IWW_EC_INVEST(1.0),12/12/24 23:00:00,A,INF_INV,MIO_EUR,FI,2013,1,,
ESTAT:IWW_EC_INVEST(1.0),12/12/24 23:00:00,A,INF_INV,MIO_EUR,FI,2014,0,,
ESTAT:IWW_EC_INVEST(1.0),12/12/24 23:00:00,A,INF_INV,MIO_EUR,FI,2015,0,,
ESTAT:IWW_EC_INVEST(1.0),12/12/24 23:00:00,A,INF_INV,MIO_EUR,FI,2016,4,,
ESTAT:IWW_EC_INVEST(1.0),12/12/24 23:00:00,A,INF_INV,MIO_EUR,FI,2017,7,,
ESTAT:IWW_EC_INVEST(1.0),12/12/24 23:00:00,A,INF_INV,MIO_EUR,FI,2018,7,,
ESTAT:IWW_EC_INVEST(1.0),12/12/24 23:00:00,A,INF_INV,MIO_EUR,FI,2019,4,,
ESTAT:IWW_EC_INVEST(1.0),12/12/24 23:00:00,A,INF_INV,MIO_EUR,FI,2020,1,,
ESTAT:IWW_EC_INVEST(1.0),12/12/24 23:00:00,A,INF_INV,MIO_EUR,FI,2021,0,,
ESTAT:IWW_EC_INVEST(1.0),12/12/24 23:00:00,A,INF_INV,MIO_EUR,FI,2022,0,,
ESTAT:IWW_EC_INVEST(1.0),12/12/24 23:00:00,A,INF_INV,MIO_EUR,HR,1998,5,,
ESTAT:IWW_EC_INVEST(1.0),12/12/24 23:00:00,A,INF_INV,MIO_EUR,HR,1999,8,,
ESTAT:IWW_EC_INVEST(1.0),12/12/24 23:00:00,A,INF_INV,MIO_EUR,HR,2000,13,,
ESTAT:IWW_EC_INVEST(1.0),12/12/24 23:00:00,A,INF_INV,MIO_EUR,HR,2001,15,,
ESTAT:IWW_EC_INVEST(1.0),12/12/24 23:00:00,A,INF_INV,MIO_EUR,HR,2002,12,,
ESTAT:IWW_EC_INVEST(1.0),12/12/24 23:00:00,A,INF_INV,MIO_EUR,HR,2003,17,,
ESTAT:IWW_EC_INVEST(1.0),12/12/24 23:00:00,A,INF_INV,MIO_EUR,HR,2004,25,,
ESTAT:IWW_EC_INVEST(1.0),12/12/24 23:00:00,A,INF_INV,MIO_EUR,HR,2005,14,,
ESTAT:IWW_EC_INVEST(1.0),12/12/24 23:00:00,A,INF_INV,MIO_EUR,HR,2006,9,,
ESTAT:IWW_EC_INVEST(1.0),12/12/24 23:00:00,A,INF_INV,MIO_EUR,HR,2007,15,,
ESTAT:IWW_EC_INVEST(1.0),12/12/24 23:00:00,A,INF_INV,MIO_EUR,HR,2008,14,,
ESTAT:IWW_EC_INVEST(1.0),12/12/24 23:00:00,A,INF_INV,MIO_EUR,HR,2009,26,,
ESTAT:IWW_EC_INVEST(1.0),12/12/24 23:00:00,A,INF_INV,MIO_EUR,HR,2010,19,,
ESTAT:IWW_EC_INVEST(1.0),12/12/24 23:00:00,A,INF_INV,MIO_EUR,HR,2011,26,d,
ESTAT:IWW_EC_INVEST(1.0),12/12/24 23:00:00,A,INF_INV,MIO_EUR,HR,2012,25,d,
ESTAT:IWW_EC_INVEST(1.0),12/12/24 23:00:00,A,INF_INV,MIO_EUR,HR,2013,1.715,,
ESTAT:IWW_EC_INVEST(1.0),12/12/24 23:00:00,A,INF_INV,MIO_EUR,HU,1999,718,,
ESTAT:IWW_EC_INVEST(1.0),12/12/24 23:00:00,A,INF_INV,MIO_EUR,HU,2000,741,,
ESTAT:IWW_EC_INVEST(1.0),12/12/24 23:00:00,A,INF_INV,MIO_EUR,HU,2001,1480,,
ESTAT:IWW_EC_INVEST(1.0),12/12/24 23:00:00,A,INF_INV,MIO_EUR,HU,2002,8238,,
ESTAT:IWW_EC_INVEST(1.0),12/12/24 23:00:00,A,INF_INV,MIO_EUR,HU,2003,685,,
ESTAT:IWW_EC_INVEST(1.0),12/12/24 23:00:00,A,INF_INV,MIO_EUR,HU,2004,209,,
ESTAT:IWW_EC_INVEST(1.0),12/12/24 23:00:00,A,INF_INV,MIO_EUR,HU,2005,64,,
ESTAT:IWW_EC_INVEST(1.0),12/12/24 23:00:00,A,INF_INV,MIO_EUR,HU,2006,72,,
ESTAT:IWW_EC_INVEST(1.0),12/12/24 23:00:00,A,INF_INV,MIO_EUR,HU,2010,10429,,
ESTAT:IWW_EC_INVEST(1.0),12/12/24 23:00:00,A,INF_INV,MIO_EUR,HU,2012,3004,,
ESTAT:IWW_EC_INVEST(1.0),12/12/24 23:00:00,A,INF_INV,MIO_EUR,HU,2013,0.112,,
ESTAT:IWW_EC_INVEST(1.0),12/12/24 23:00:00,A,INF_INV,MIO_EUR,HU,2014,0,,
ESTAT:IWW_EC_INVEST(1.0),12/12/24 23:00:00,A,INF_INV,MIO_EUR,HU,2015,0.000,,
ESTAT:IWW_EC_INVEST(1.0),12/12/24 23:00:00,A,INF_INV,MIO_EUR,HU,2016,2.730,,
ESTAT:IWW_EC_INVEST(1.0),12/12/24 23:00:00,A,INF_INV,MIO_EUR,HU,2017,0.183,,
ESTAT:IWW_EC_INVEST(1.0),12/12/24 23:00:00,A,INF_INV,MIO_EUR,HU,2018,1.050,,
ESTAT:IWW_EC_INVEST(1.0),12/12/24 23:00:00,A,INF_INV,MIO_EUR,HU,2019,0.902,,
ESTAT:IWW_EC_INVEST(1.0),12/12/24 23:00:00,A,INF_INV,MIO_EUR,HU,2020,3.101,,
ESTAT:IWW_EC_INVEST(1.0),12/12/24 23:00:00,A,INF_INV,MIO_EUR,HU,2021,1.085,,
ESTAT:IWW_EC_INVEST(1.0),12/12/24 23:00:00,A,INF_INV,MIO_EUR,HU,2022,0.002,,
ESTAT:IWW_EC_INVEST(1.0),12/12/24 23:00:00,A,INF_INV,MIO_EUR,HU,2023,0.178,,
ESTAT:IWW_EC_INVEST(1.0),12/12/24 23:00:00,A,INF_INV,MIO_EUR,IE,1997,375,,
ESTAT:IWW_EC_INVEST(1.0),12/12/24 23:00:00,A,INF_INV,MIO_EUR,IE,1998,446,,
ESTAT:IWW_EC_INVEST(1.0),12/12/24 23:00:00,A,INF_INV,MIO_EUR,IE,1999,606,,
ESTAT:IWW_EC_INVEST(1.0),12/12/24 23:00:00,A,INF_INV,MIO_EUR,IE,2000,780,,
ESTAT:IWW_EC_INVEST(1.0),12/12/24 23:00:00,A,INF_INV,MIO_EUR,IE,2001,848,,
ESTAT:IWW_EC_INVEST(1.0),12/12/24 23:00:00,A,INF_INV,MIO_EUR,IT,2000,39,,
ESTAT:IWW_EC_INVEST(1.0),12/12/24 23:00:00,A,INF_INV,MIO_EUR,IT,2001,39,,
ESTAT:IWW_EC_INVEST(1.0),12/12/24 23:00:00,A,INF_INV,MIO_EUR,IT,2002,35,,
ESTAT:IWW_EC_INVEST(1.0),12/12/24 23:00:00,A,INF_INV,MIO_EUR,IT,2003,35,,
ESTAT:IWW_EC_INVEST(1.0),12/12/24 23:00:00,A,INF_INV,MIO_EUR,IT,2004,35,,
ESTAT:IWW_EC_INVEST(1.0),12/12/24 23:00:00,A,INF_INV,MIO_EUR,IT,2005,53,,
ESTAT:IWW_EC_INVEST(1.0),12/12/24 23:00:00,A,INF_INV,MIO_EUR,IT,2006,55,,
ESTAT:IWW_EC_INVEST(1.0),12/12/24 23:00:00,A,INF_INV,MIO_EUR,IT,2007,55,,
ESTAT:IWW_EC_INVEST(1.0),12/12/24 23:00:00,A,INF_INV,MIO_EUR,IT,2008,34,,
ESTAT:IWW_EC_INVEST(1.0),12/12/24 23:00:00,A,INF_INV,MIO_EUR,IT,2009,27,,
ESTAT:IWW_EC_INVEST(1.0),12/12/24 23:00:00,A,INF_INV,MIO_EUR,IT,2010,42,,
ESTAT:IWW_EC_INVEST(1.0),12/12/24 23:00:00,A,INF_INV,MIO_EUR,IT,2011,36,,
ESTAT:IWW_EC_INVEST(1.0),12/12/24 23:00:00,A,INF_INV,MIO_EUR,IT,2012,52,,
ESTAT:IWW_EC_INVEST(1.0),12/12/24 23:00:00,A,INF_INV,MIO_EUR,IT,2013,136,,
ESTAT:IWW_EC_INVEST(1.0),12/12/24 23:00:00,A,INF_INV,MIO_EUR,IT,2014,358,,
ESTAT:IWW_EC_INVEST(1.0),12/12/24 23:00:00,A,INF_INV,MIO_EUR,IT,2015,509,,
ESTAT:IWW_EC_INVEST(1.0),12/12/24 23:00:00,A,INF_INV,MIO_EUR,IT,2016,436,,
ESTAT:IWW_EC_INVEST(1.0),12/12/24 23:00:00,A,INF_INV,MIO_EUR,IT,2017,122,,
ESTAT:IWW_EC_INVEST(1.0),12/12/24 23:00:00,A,INF_INV,MIO_EUR,LT,1996,2,,
ESTAT:IWW_EC_INVEST(1.0),12/12/24 23:00:00,A,INF_INV,MIO_EUR,LT,1997,3,,
ESTAT:IWW_EC_INVEST(1.0),12/12/24 23:00:00,A,INF_INV,MIO_EUR,LT,1998,8,,
ESTAT:IWW_EC_INVEST(1.0),12/12/24 23:00:00,A,INF_INV,MIO_EUR,LT,1999,3,,
ESTAT:IWW_EC_INVEST(1.0),12/12/24 23:00:00,A,INF_INV,MIO_EUR,LT,2000,0,,
ESTAT:IWW_EC_INVEST(1.0),12/12/24 23:00:00,A,INF_INV,MIO_EUR,LT,2001,5,,
ESTAT:IWW_EC_INVEST(1.0),12/12/24 23:00:00,A,INF_INV,MIO_EUR,LT,2002,7,,
ESTAT:IWW_EC_INVEST(1.0),12/12/24 23:00:00,A,INF_INV,MIO_EUR,LT,2003,7,,
ESTAT:IWW_EC_INVEST(1.0),12/12/24 23:00:00,A,INF_INV,MIO_EUR,LT,2004,3,,
ESTAT:IWW_EC_INVEST(1.0),12/12/24 23:00:00,A,INF_INV,MIO_EUR,LT,2005,13,,
ESTAT:IWW_EC_INVEST(1.0),12/12/24 23:00:00,A,INF_INV,MIO_EUR,LT,2006,58,,
ESTAT:IWW_EC_INVEST(1.0),12/12/24 23:00:00,A,INF_INV,MIO_EUR,LT,2007,121,,
ESTAT:IWW_EC_INVEST(1.0),12/12/24 23:00:00,A,INF_INV,MIO_EUR,LT,2008,363,,
ESTAT:IWW_EC_INVEST(1.0),12/12/24 23:00:00,A,INF_INV,MIO_EUR,LT,2009,2,,
ESTAT:IWW_EC_INVEST(1.0),12/12/24 23:00:00,A,INF_INV,MIO_EUR,LT,2010,85,,
ESTAT:IWW_EC_INVEST(1.0),12/12/24 23:00:00,A,INF_INV,MIO_EUR,LT,2011,774,,
ESTAT:IWW_EC_INVEST(1.0),12/12/24 23:00:00,A,INF_INV,MIO_EUR,LT,2012,13,,
ESTAT:IWW_EC_INVEST(1.0),12/12/24 23:00:00,A,INF_INV,MIO_EUR,LT,2013,3.100,,
ESTAT:IWW_EC_INVEST(1.0),12/12/24 23:00:00,A,INF_INV,MIO_EUR,LT,2014,2.500,,
ESTAT:IWW_EC_INVEST(1.0),12/12/24 23:00:00,A,INF_INV,MIO_EUR,LT,2015,0.900,,
ESTAT:IWW_EC_INVEST(1.0),12/12/24 23:00:00,A,INF_INV,MIO_EUR,LT,2016,1.800,,
ESTAT:IWW_EC_INVEST(1.0),12/12/24 23:00:00,A,INF_INV,MIO_EUR,LT,2017,0.100,,
ESTAT:IWW_EC_INVEST(1.0),12/12/24 23:00:00,A,INF_INV,MIO_EUR,LT,2018,0,,
ESTAT:IWW_EC_INVEST(1.0),12/12/24 23:00:00,A,INF_INV,MIO_EUR,LT,2019,0,,
ESTAT:IWW_EC_INVEST(1.0),12/12/24 23:00:00,A,INF_INV,MIO_EUR,LT,2020,0,,
ESTAT:IWW_EC_INVEST(1.0),12/12/24 23:00:00,A,INF_INV,MIO_EUR,LT,2021,1.600,,
ESTAT:IWW_EC_INVEST(1.0),12/12/24 23:00:00,A,INF_INV,MIO_EUR,LT,2022,7.800,,
ESTAT:IWW_EC_INVEST(1.0),12/12/24 23:00:00,A,INF_INV,MIO_EUR,LT,2023,24.900,,
ESTAT:IWW_EC_INVEST(1.0),12/12/24 23:00:00,A,INF_INV,MIO_EUR,MT,2020,,m,
ESTAT:IWW_EC_INVEST(1.0),12/12/24 23:00:00,A,INF_INV,MIO_EUR,NL,2019,533,,
ESTAT:IWW_EC_INVEST(1.0),12/12/24 23:00:00,A,INF_INV,MIO_EUR,NL,2020,556,,
ESTAT:IWW_EC_INVEST(1.0),12/12/24 23:00:00,A,INF_INV,MIO_EUR,NL,2021,827,,
ESTAT:IWW_EC_INVEST(1.0),12/12/24 23:00:00,A,INF_INV,MIO_EUR,NL,2022,811,,
ESTAT:IWW_EC_INVEST(1.0),12/12/24 23:00:00,A,INF_INV,MIO_EUR,NL,2023,718,,
ESTAT:IWW_EC_INVEST(1.0),12/12/24 23:00:00,A,INF_INV,MIO_EUR,PL,2006,26,,
ESTAT:IWW_EC_INVEST(1.0),12/12/24 23:00:00,A,INF_INV,MIO_EUR,PL,2007,48,,
ESTAT:IWW_EC_INVEST(1.0),12/12/24 23:00:00,A,INF_INV,MIO_EUR,PL,2008,3,,
ESTAT:IWW_EC_INVEST(1.0),12/12/24 23:00:00,A,INF_INV,MIO_EUR,PL,2009,6,,
ESTAT:IWW_EC_INVEST(1.0),12/12/24 23:00:00,A,INF_INV,MIO_EUR,PL,2010,54,,
ESTAT:IWW_EC_INVEST(1.0),12/12/24 23:00:00,A,INF_INV,MIO_EUR,PL,2011,7,,
ESTAT:IWW_EC_INVEST(1.0),12/12/24 23:00:00,A,INF_INV,MIO_EUR,PL,2012,22,,
ESTAT:IWW_EC_INVEST(1.0),12/12/24 23:00:00,A,INF_INV,MIO_EUR,PL,2013,0.098,,
ESTAT:IWW_EC_INVEST(1.0),12/12/24 23:00:00,A,INF_INV,MIO_EUR,PL,2014,0.045,,
ESTAT:IWW_EC_INVEST(1.0),12/12/24 23:00:00,A,INF_INV,MIO_EUR,PL,2015,0.160,,
ESTAT:IWW_EC_INVEST(1.0),12/12/24 23:00:00,A,INF_INV,MIO_EUR,PL,2016,1.797,,
ESTAT:IWW_EC_INVEST(1.0),12/12/24 23:00:00,A,INF_INV,MIO_EUR,SK,2003,329,,
ESTAT:IWW_EC_INVEST(1.0),12/12/24 23:00:00,A,INF_INV,MIO_EUR,SK,2004,497,,
ESTAT:IWW_EC_INVEST(1.0),12/12/24 23:00:00,A,INF_INV,MIO_EUR,SK,2005,36,,
ESTAT:IWW_EC_INVEST(1.0),12/12/24 23:00:00,A,INF_INV,MIO_EUR,SK,2006,473,,
ESTAT:IWW_EC_INVEST(1.0),12/12/24 23:00:00,A,INF_INV,MIO_EUR,SK,2007,129,,
ESTAT:IWW_EC_INVEST(1.0),12/12/24 23:00:00,A,INF_INV,MIO_EUR,SK,2008,283,,
ESTAT:IWW_EC_INVEST(1.0),12/12/24 23:00:00,A,INF_INV,MIO_EUR,SK,2010,29,,
ESTAT:IWW_EC_INVEST(1.0),12/12/24 23:00:00,A,INF_INV,MIO_EUR,SK,2011,13,,
ESTAT:IWW_EC_INVEST(1.0),12/12/24 23:00:00,A,INF_INV,MIO_EUR,SK,2012,14,,
ESTAT:IWW_EC_INVEST(1.0),12/12/24 23:00:00,A,INF_INV,MIO_EUR,SK,2013,0.700,,
ESTAT:IWW_EC_INVEST(1.0),12/12/24 23:00:00,A,INF_INV,MIO_EUR,SK,2014,0.300,,
ESTAT:IWW_EC_INVEST(1.0),12/12/24 23:00:00,A,INF_INV,MIO_EUR,SK,2015,0.100,,
ESTAT:IWW_EC_INVEST(1.0),12/12/24 23:00:00,A,INF_INV,MIO_EUR,SK,2016,0.100,,
ESTAT:IWW_EC_INVEST(1.0),12/12/24 23:00:00,A,INF_INV,MIO_EUR,SK,2017,1.100,,
ESTAT:IWW_EC_INVEST(1.0),12/12/24 23:00:00,A,INF_INV,MIO_EUR,SK,2018,1.500,,
ESTAT:IWW_EC_INVEST(1.0),12/12/24 23:00:00,A,INF_INV,MIO_EUR,SK,2019,2,,
ESTAT:IWW_EC_INVEST(1.0),12/12/24 23:00:00,A,INF_INV,MIO_EUR,SK,2020,1.100,,
ESTAT:IWW_EC_INVEST(1.0),12/12/24 23:00:00,A,INF_INV,MIO_EUR,SK,2021,0,,
ESTAT:IWW_EC_INVEST(1.0),12/12/24 23:00:00,A,INF_INV,MIO_EUR,SK,2022,0.800,,
ESTAT:IWW_EC_INVEST(1.0),12/12/24 23:00:00,A,INF_INV,MIO_EUR,SK,2023,0,,
ESTAT:IWW_EC_INVEST(1.0),12/12/24 23:00:00,A,INF_INV,MIO_EUR,XK,2018,,m,
ESTAT:IWW_EC_INVEST(1.0),12/12/24 23:00:00,A,INF_MNT,MIO_EUR,AT,2007,5718,,
ESTAT:IWW_EC_INVEST(1.0),12/12/24 23:00:00,A,INF_MNT,MIO_EUR,AT,2009,6,,
ESTAT:IWW_EC_INVEST(1.0),12/12/24 23:00:00,A,INF_MNT,MIO_EUR,AT,2010,5,,
ESTAT:IWW_EC_INVEST(1.0),12/12/24 23:00:00,A,INF_MNT,MIO_EUR,AT,2011,6,,
ESTAT:IWW_EC_INVEST(1.0),12/12/24 23:00:00,A,INF_MNT,MIO_EUR,AT,2012,2,,
ESTAT:IWW_EC_INVEST(1.0),12/12/24 23:00:00,A,INF_MNT,MIO_EUR,AT,2013,3,,
ESTAT:IWW_EC_INVEST(1.0),12/12/24 23:00:00,A,INF_MNT,MIO_EUR,AT,2014,5,,
ESTAT:IWW_EC_INVEST(1.0),12/12/24 23:00:00,A,INF_MNT,MIO_EUR,AT,2020,13,,
ESTAT:IWW_EC_INVEST(1.0),12/12/24 23:00:00,A,INF_MNT,MIO_EUR,CZ,1996,131,,
ESTAT:IWW_EC_INVEST(1.0),12/12/24 23:00:00,A,INF_MNT,MIO_EUR,CZ,1997,1018,,
ESTAT:IWW_EC_INVEST(1.0),12/12/24 23:00:00,A,INF_MNT,MIO_EUR,CZ,1998,102,,
ESTAT:IWW_EC_INVEST(1.0),12/12/24 23:00:00,A,INF_MNT,MIO_EUR,CZ,1999,111,,
ESTAT:IWW_EC_INVEST(1.0),12/12/24 23:00:00,A,INF_MNT,MIO_EUR,CZ,2000,1027,,
ESTAT:IWW_EC_INVEST(1.0),12/12/24 23:00:00,A,INF_MNT,MIO_EUR,CZ,2001,91,,
ESTAT:IWW_EC_INVEST(1.0),12/12/24 23:00:00,A,INF_MNT,MIO_EUR,CZ,2002,1085,,
ESTAT:IWW_EC_INVEST(1.0),12/12/24 23:00:00,A,INF_MNT,MIO_EUR,CZ,2003,8306,,
ESTAT:IWW_EC_INVEST(1.0),12/12/24 23:00:00,A,INF_MNT,MIO_EUR,CZ,2004,3344,,
ESTAT:IWW_EC_INVEST(1.0),12/12/24 23:00:00,A,INF_MNT,MIO_EUR,CZ,2005,66,,
ESTAT:IWW_EC_INVEST(1.0),12/12/24 23:00:00,A,INF_MNT,MIO_EUR,CZ,2006,29,,
ESTAT:IWW_EC_INVEST(1.0),12/12/24 23:00:00,A,INF_MNT,MIO_EUR,CZ,2007,794,,
ESTAT:IWW_EC_INVEST(1.0),12/12/24 23:00:00,A,INF_MNT,MIO_EUR,CZ,2008,48,,
ESTAT:IWW_EC_INVEST(1.0),12/12/24 23:00:00,A,INF_MNT,MIO_EUR,CZ,2009,47,,
ESTAT:IWW_EC_INVEST(1.0),12/12/24 23:00:00,A,INF_MNT,MIO_EUR,CZ,2010,39,,
ESTAT:IWW_EC_INVEST(1.0),12/12/24 23:00:00,A,INF_MNT,MIO_EUR,CZ,2011,44,,
ESTAT:IWW_EC_INVEST(1.0),12/12/24 23:00:00,A,INF_MNT,MIO_EUR,CZ,2012,74,,
ESTAT:IWW_EC_INVEST(1.0),12/12/24 23:00:00,A,INF_MNT,MIO_EUR,CZ,2013,4.619,,
ESTAT:IWW_EC_INVEST(1.0),12/12/24 23:00:00,A,INF_MNT,MIO_EUR,CZ,2014,4.503,,
ESTAT:IWW_EC_INVEST(1.0),12/12/24 23:00:00,A,INF_MNT,MIO_EUR,CZ,2015,7.478,,
ESTAT:IWW_EC_INVEST(1.0),12/12/24 23:00:00,A,INF_MNT,MIO_EUR,CZ,2016,6.249,,
ESTAT:IWW_EC_INVEST(1.0),12/12/24 23:00:00,A,INF_MNT,MIO_EUR,CZ,2017,6.495,,
ESTAT:IWW_EC_INVEST(1.0),12/12/24 23:00:00,A,INF_MNT,MIO_EUR,CZ,2018,7.525,,
ESTAT:IWW_EC_INVEST(1.0),12/12/24 23:00:00,A,INF_MNT,MIO_EUR,CZ,2019,12.154,,
ESTAT:IWW_EC_INVEST(1.0),12/12/24 23:00:00,A,INF_MNT,MIO_EUR,CZ,2020,5.292,,
ESTAT:IWW_EC_INVEST(1.0),12/12/24 23:00:00,A,INF_MNT,MIO_EUR,CZ,2021,3.939,,
ESTAT:IWW_EC_INVEST(1.0),12/12/24 23:00:00,A,INF_MNT,MIO_EUR,CZ,2022,6.187,,
ESTAT:IWW_EC_INVEST(1.0),12/12/24 23:00:00,A,INF_MNT,MIO_EUR,CZ,2023,7.290,,
ESTAT:IWW_EC_INVEST(1.0),12/12/24 23:00:00,A,INF_MNT,MIO_EUR,DK,2018,,m,
ESTAT:IWW_EC_INVEST(1.0),12/12/24 23:00:00,A,INF_MNT,MIO_EUR,DK,2019,,m,
ESTAT:IWW_EC_INVEST(1.0),12/12/24 23:00:00,A,INF_MNT,MIO_EUR,EL,2020,,m,
ESTAT:IWW_EC_INVEST(1.0),12/12/24 23:00:00,A,INF_MNT,MIO_EUR,EL,2021,,m,
ESTAT:IWW_EC_INVEST(1.0),12/12/24 23:00:00,A,INF_MNT,MIO_EUR,FI,1990,78,,
ESTAT:IWW_EC_INVEST(1.0),12/12/24 23:00:00,A,INF_MNT,MIO_EUR,FI,1991,100,,
ESTAT:IWW_EC_INVEST(1.0),12/12/24 23:00:00,A,INF_MNT,MIO_EUR,FI,1992,80,,
ESTAT:IWW_EC_INVEST(1.0),12/12/24 23:00:00,A,INF_MNT,MIO_EUR,FI,1993,80,,
ESTAT:IWW_EC_INVEST(1.0),12/12/24 23:00:00,A,INF_MNT,MIO_EUR,FI,1994,80,,
ESTAT:IWW_EC_INVEST(1.0),12/12/24 23:00:00,A,INF_MNT,MIO_EUR,FI,1995,76,,
ESTAT:IWW_EC_INVEST(1.0),12/12/24 23:00:00,A,INF_MNT,MIO_EUR,FI,1996,78,,
ESTAT:IWW_EC_INVEST(1.0),12/12/24 23:00:00,A,INF_MNT,MIO_EUR,FI,1997,35,,
ESTAT:IWW_EC_INVEST(1.0),12/12/24 23:00:00,A,INF_MNT,MIO_EUR,FI,1998,75,,
ESTAT:IWW_EC_INVEST(1.0),12/12/24 23:00:00,A,INF_MNT,MIO_EUR,FI,1999,12,d,
ESTAT:IWW_EC_INVEST(1.0),12/12/24 23:00:00,A,INF_MNT,MIO_EUR,FI,2000,12,d,
ESTAT:IWW_EC_INVEST(1.0),12/12/24 23:00:00,A,INF_MNT,MIO_EUR,FI,2001,11,d,
ESTAT:IWW_EC_INVEST(1.0),12/12/24 23:00:00,A,INF_MNT,MIO_EUR,FI,2002,11,d,
ESTAT:IWW_EC_INVEST(1.0),12/12/24 23:00:00,A,INF_MNT,MIO_EUR,FI,2003,13,d,
ESTAT:IWW_EC_INVEST(1.0),12/12/24 23:00:00,A,INF_MNT,MIO_EUR,FI,2004,13,,
ESTAT:IWW_EC_INVEST(1.0),12/12/24 23:00:00,A,INF_MNT,MIO_EUR,FI,2005,14,,
ESTAT:IWW_EC_INVEST(1.0),12/12/24 23:00:00,A,INF_MNT,MIO_EUR,FI,2006,14,,
ESTAT:IWW_EC_INVEST(1.0),12/12/24 23:00:00,A,INF_MNT,MIO_EUR,FI,2007,15,,
ESTAT:IWW_EC_INVEST(1.0),12/12/24 23:00:00,A,INF_MNT,MIO_EUR,FI,2008,16,,
ESTAT:IWW_EC_INVEST(1.0),12/12/24 23:00:00,A,INF_MNT,MIO_EUR,FI,2009,15,,
ESTAT:IWW_EC_INVEST(1.0),12/12/24 23:00:00,A,INF_MNT,MIO_EUR,FI,2010,14,,
ESTAT:IWW_EC_INVEST(1.0),12/12/24 23:00:00,A,INF_MNT,MIO_EUR,FI,2011,13,,
ESTAT:IWW_EC_INVEST(1.0),12/12/24 23:00:00,A,INF_MNT,MIO_EUR,FI,2012,12,,
ESTAT:IWW_EC_INVEST(1.0),12/12/24 23:00:00,A,INF_MNT,MIO_EUR,FI,2013,12.900,,
ESTAT:IWW_EC_INVEST(1.0),12/12/24 23:00:00,A,INF_MNT,MIO_EUR,FI,2014,14.600,,
ESTAT:IWW_EC_INVEST(1.0),12/12/24 23:00:00,A,INF_MNT,MIO_EUR,FI,2015,15.500,,
ESTAT:IWW_EC_INVEST(1.0),12/12/24 23:00:00,A,INF_MNT,MIO_EUR,FI,2016,12,,
ESTAT:IWW_EC_INVEST(1.0),12/12/24 23:00:00,A,INF_MNT,MIO_EUR,FI,2017,12,,
ESTAT:IWW_EC_INVEST(1.0),12/12/24 23:00:00,A,INF_MNT,MIO_EUR,FI,2018,12,,
ESTAT:IWW_EC_INVEST(1.0),12/12/24 23:00:00,A,INF_MNT,MIO_EUR,FI,2019,12,,
ESTAT:IWW_EC_INVEST(1.0),12/12/24 23:00:00,A,INF_MNT,MIO_EUR,FI,2020,16,,
ESTAT:IWW_EC_INVEST(1.0),12/12/24 23:00:00,A,INF_MNT,MIO_EUR,FI,2021,18,,
ESTAT:IWW_EC_INVEST(1.0),12/12/24 23:00:00,A,INF_MNT,MIO_EUR,FI,2022,16,,
ESTAT:IWW_EC_INVEST(1.0),12/12/24 23:00:00,A,INF_MNT,MIO_EUR,HR,1998,5,,
ESTAT:IWW_EC_INVEST(1.0),12/12/24 23:00:00,A,INF_MNT,MIO_EUR,HR,1999,8,,
ESTAT:IWW_EC_INVEST(1.0),12/12/24 23:00:00,A,INF_MNT,MIO_EUR,HR,2000,12,,
ESTAT:IWW_EC_INVEST(1.0),12/12/24 23:00:00,A,INF_MNT,MIO_EUR,HR,2001,13,,
ESTAT:IWW_EC_INVEST(1.0),12/12/24 23:00:00,A,INF_MNT,MIO_EUR,HR,2002,48,,
ESTAT:IWW_EC_INVEST(1.0),12/12/24 23:00:00,A,INF_MNT,MIO_EUR,HR,2003,52,,
ESTAT:IWW_EC_INVEST(1.0),12/12/24 23:00:00,A,INF_MNT,MIO_EUR,HR,2004,33,,
ESTAT:IWW_EC_INVEST(1.0),12/12/24 23:00:00,A,INF_MNT,MIO_EUR,HR,2005,28,,
ESTAT:IWW_EC_INVEST(1.0),12/12/24 23:00:00,A,INF_MNT,MIO_EUR,HR,2006,9,,
ESTAT:IWW_EC_INVEST(1.0),12/12/24 23:00:00,A,INF_MNT,MIO_EUR,HR,2007,14,,
ESTAT:IWW_EC_INVEST(1.0),12/12/24 23:00:00,A,INF_MNT,MIO_EUR,HR,2008,19,,
ESTAT:IWW_EC_INVEST(1.0),12/12/24 23:00:00,A,INF_MNT,MIO_EUR,HR,2009,9,,
ESTAT:IWW_EC_INVEST(1.0),12/12/24 23:00:00,A,INF_MNT,MIO_EUR,HR,2010,5,,
ESTAT:IWW_EC_INVEST(1.0),12/12/24 23:00:00,A,INF_MNT,MIO_EUR,HR,2011,6,d,
ESTAT:IWW_EC_INVEST(1.0),12/12/24 23:00:00,A,INF_MNT,MIO_EUR,HR,2012,9,d,
ESTAT:IWW_EC_INVEST(1.0),12/12/24 23:00:00,A,INF_MNT,MIO_EUR,HR,2013,1.188,,
ESTAT:IWW_EC_INVEST(1.0),12/12/24 23:00:00,A,INF_MNT,MIO_EUR,HU,2002,1501,,
ESTAT:IWW_EC_INVEST(1.0),12/12/24 23:00:00,A,INF_MNT,MIO_EUR,HU,2003,418,,
ESTAT:IWW_EC_INVEST(1.0),12/12/24 23:00:00,A,INF_MNT,MIO_EUR,HU,2004,393,,
ESTAT:IWW_EC_INVEST(1.0),12/12/24 23:00:00,A,INF_MNT,MIO_EUR,HU,2005,513,,
ESTAT:IWW_EC_INVEST(1.0),12/12/24 23:00:00,A,INF_MNT,MIO_EUR,HU,2006,216,,
ESTAT:IWW_EC_INVEST(1.0),12/12/24 23:00:00,A,INF_MNT,MIO_EUR,HU,2010,57843,,
ESTAT:IWW_EC_INVEST(1.0),12/12/24 23:00:00,A,INF_MNT,MIO_EUR,HU,2012,354981,,
ESTAT:IWW_EC_INVEST(1.0),12/12/24 23:00:00,A,INF_MNT,MIO_EUR,HU,2013,0.849,,
ESTAT:IWW_EC_INVEST(1.0),12/12/24 23:00:00,A,INF_MNT,MIO_EUR,HU,2014,1.278,,
ESTAT:IWW_EC_INVEST(1.0),12/12/24 23:00:00,A,INF_MNT,MIO_EUR,HU,2015,1.416,,
ESTAT:IWW_EC_INVEST(1.0),12/12/24 23:00:00,A,INF_MNT,MIO_EUR,HU,2016,1.699,,
ESTAT:IWW_EC_INVEST(1.0),12/12/24 23:00:00,A,INF_MNT,MIO_EUR,HU,2017,2.199,,
ESTAT:IWW_EC_INVEST(1.0),12/12/24 23:00:00,A,INF_MNT,MIO_EUR,HU,2018,2.065,,
ESTAT:IWW_EC_INVEST(1.0),12/12/24 23:00:00,A,INF_MNT,MIO_EUR,HU,2019,2.169,,
ESTAT:IWW_EC_INVEST(1.0),12/12/24 23:00:00,A,INF_MNT,MIO_EUR,HU,2020,2.047,,
ESTAT:IWW_EC_INVEST(1.0),12/12/24 23:00:00,A,INF_MNT,MIO_EUR,HU,2021,1.775,,
ESTAT:IWW_EC_INVEST(1.0),12/12/24 23:00:00,A,INF_MNT,MIO_EUR,HU,2022,2.479,,
ESTAT:IWW_EC_INVEST(1.0),12/12/24 23:00:00,A,INF_MNT,MIO_EUR,HU,2023,2.145,,
ESTAT:IWW_EC_INVEST(1.0),12/12/24 23:00:00,A,INF_MNT,MIO_EUR,IE,1997,123,,
ESTAT:IWW_EC_INVEST(1.0),12/12/24 23:00:00,A,INF_MNT,MIO_EUR,IE,1998,130,,
ESTAT:IWW_EC_INVEST(1.0),12/12/24 23:00:00,A,INF_MNT,MIO_EUR,IE,1999,143,,
ESTAT:IWW_EC_INVEST(1.0),12/12/24 23:00:00,A,INF_MNT,MIO_EUR,IE,2000,102,,
ESTAT:IWW_EC_INVEST(1.0),12/12/24 23:00:00,A,INF_MNT,MIO_EUR,IE,2001,115,,
ESTAT:IWW_EC_INVEST(1.0),12/12/24 23:00:00,A,INF_MNT,MIO_EUR,IT,2000,56,,
ESTAT:IWW_EC_INVEST(1.0),12/12/24 23:00:00,A,INF_MNT,MIO_EUR,IT,2001,56,,
ESTAT:IWW_EC_INVEST(1.0),12/12/24 23:00:00,A,INF_MNT,MIO_EUR,IT,2002,107,,
ESTAT:IWW_EC_INVEST(1.0),12/12/24 23:00:00,A,INF_MNT,MIO_EUR,IT,2003,108,,
ESTAT:IWW_EC_INVEST(1.0),12/12/24 23:00:00,A,INF_MNT,MIO_EUR,IT,2004,108,,
ESTAT:IWW_EC_INVEST(1.0),12/12/24 23:00:00,A,INF_MNT,MIO_EUR,IT,2005,481,,
ESTAT:IWW_EC_INVEST(1.0),12/12/24 23:00:00,A,INF_MNT,MIO_EUR,IT,2006,498,,
ESTAT:IWW_EC_INVEST(1.0),12/12/24 23:00:00,A,INF_MNT,MIO_EUR,IT,2007,498,,
ESTAT:IWW_EC_INVEST(1.0),12/12/24 23:00:00,A,INF_MNT,MIO_EUR,IT,2008,84,,
ESTAT:IWW_EC_INVEST(1.0),12/12/24 23:00:00,A,INF_MNT,MIO_EUR,IT,2009,82,,
ESTAT:IWW_EC_INVEST(1.0),12/12/24 23:00:00,A,INF_MNT,MIO_EUR,IT,2010,81,,
ESTAT:IWW_EC_INVEST(1.0),12/12/24 23:00:00,A,INF_MNT,MIO_EUR,IT,2011,78,,
ESTAT:IWW_EC_INVEST(1.0),12/12/24 23:00:00,A,INF_MNT,MIO_EUR,IT,2012,77,,
ESTAT:IWW_EC_INVEST(1.0),12/12/24 23:00:00,A,INF_MNT,MIO_EUR,IT,2013,113,,
ESTAT:IWW_EC_INVEST(1.0),12/12/24 23:00:00,A,INF_MNT,MIO_EUR,IT,2014,125,,
ESTAT:IWW_EC_INVEST(1.0),12/12/24 23:00:00,A,INF_MNT,MIO_EUR,IT,2015,106,,
ESTAT:IWW_EC_INVEST(1.0),12/12/24 23:00:00,A,INF_MNT,MIO_EUR,IT,2016,127,,
ESTAT:IWW_EC_INVEST(1.0),12/12/24 23:00:00,A,INF_MNT,MIO_EUR,IT,2017,239,,
ESTAT:IWW_EC_INVEST(1.0),12/12/24 23:00:00,A,INF_MNT,MIO_EUR,LT,1996,41,,
ESTAT:IWW_EC_INVEST(1.0),12/12/24 23:00:00,A,INF_MNT,MIO_EUR,LT,1997,53,,
ESTAT:IWW_EC_INVEST(1.0),12/12/24 23:00:00,A,INF_MNT,MIO_EUR,LT,1998,64,,
ESTAT:IWW_EC_INVEST(1.0),12/12/24 23:00:00,A,INF_MNT,MIO_EUR,LT,1999,57,,
ESTAT:IWW_EC_INVEST(1.0),12/12/24 23:00:00,A,INF_MNT,MIO_EUR,LT,2000,5,,
ESTAT:IWW_EC_INVEST(1.0),12/12/24 23:00:00,A,INF_MNT,MIO_EUR,LT,2001,42,,
ESTAT:IWW_EC_INVEST(1.0),12/12/24 23:00:00,A,INF_MNT,MIO_EUR,LT,2002,4,,
ESTAT:IWW_EC_INVEST(1.0),12/12/24 23:00:00,A,INF_MNT,MIO_EUR,LT,2003,4476,,
ESTAT:IWW_EC_INVEST(1.0),12/12/24 23:00:00,A,INF_MNT,MIO_EUR,LT,2004,48,,
ESTAT:IWW_EC_INVEST(1.0),12/12/24 23:00:00,A,INF_MNT,MIO_EUR,LT,2005,57,,
ESTAT:IWW_EC_INVEST(1.0),12/12/24 23:00:00,A,INF_MNT,MIO_EUR,LT,2006,73,,
ESTAT:IWW_EC_INVEST(1.0),12/12/24 23:00:00,A,INF_MNT,MIO_EUR,LT,2007,833,,
ESTAT:IWW_EC_INVEST(1.0),12/12/24 23:00:00,A,INF_MNT,MIO_EUR,LT,2008,896,,
ESTAT:IWW_EC_INVEST(1.0),12/12/24 23:00:00,A,INF_MNT,MIO_EUR,LT,2009,49,,
ESTAT:IWW_EC_INVEST(1.0),12/12/24 23:00:00,A,INF_MNT,MIO_EUR,LT,2010,394,,
ESTAT:IWW_EC_INVEST(1.0),12/12/24 23:00:00,A,INF_MNT,MIO_EUR,LT,2011,444,,
ESTAT:IWW_EC_INVEST(1.0),12/12/24 23:00:00,A,INF_MNT,MIO_EUR,LT,2012,64,,
ESTAT:IWW_EC_INVEST(1.0),12/12/24 23:00:00,A,INF_MNT,MIO_EUR,LT,2013,6.500,,
ESTAT:IWW_EC_INVEST(1.0),12/12/24 23:00:00,A,INF_MNT,MIO_EUR,LT,2014,2,,
ESTAT:IWW_EC_INVEST(1.0),12/12/24 23:00:00,A,INF_MNT,MIO_EUR,LT,2015,1.900,,
ESTAT:IWW_EC_INVEST(1.0),12/12/24 23:00:00,A,INF_MNT,MIO_EUR,LT,2016,2.100,,
ESTAT:IWW_EC_INVEST(1.0),12/12/24 23:00:00,A,INF_MNT,MIO_EUR,LT,2017,1.800,,
ESTAT:IWW_EC_INVEST(1.0),12/12/24 23:00:00,A,INF_MNT,MIO_EUR,LT,2018,2,,
ESTAT:IWW_EC_INVEST(1.0),12/12/24 23:00:00,A,INF_MNT,MIO_EUR,LT,2019,2,,
ESTAT:IWW_EC_INVEST(1.0),12/12/24 23:00:00,A,INF_MNT,MIO_EUR,LT,2020,3.100,,
ESTAT:IWW_EC_INVEST(1.0),12/12/24 23:00:00,A,INF_MNT,MIO_EUR,LT,2021,3,,
ESTAT:IWW_EC_INVEST(1.0),12/12/24 23:00:00,A,INF_MNT,MIO_EUR,LT,2022,3.900,,
ESTAT:IWW_EC_INVEST(1.0),12/12/24 23:00:00,A,INF_MNT,MIO_EUR,LT,2023,3.200,,
ESTAT:IWW_EC_INVEST(1.0),12/12/24 23:00:00,A,INF_MNT,MIO_EUR,MT,2020,,m,
ESTAT:IWW_EC_INVEST(1.0),12/12/24 23:00:00,A,INF_MNT,MIO_EUR,NL,2019,464,,
ESTAT:IWW_EC_INVEST(1.0),12/12/24 23:00:00,A,INF_MNT,MIO_EUR,NL,2020,481,,
ESTAT:IWW_EC_INVEST(1.0),12/12/24 23:00:00,A,INF_MNT,MIO_EUR,NL,2021,578,,
ESTAT:IWW_EC_INVEST(1.0),12/12/24 23:00:00,A,INF_MNT,MIO_EUR,NL,2022,636,,
ESTAT:IWW_EC_INVEST(1.0),12/12/24 23:00:00,A,INF_MNT,MIO_EUR,NL,2023,586,,
ESTAT:IWW_EC_INVEST(1.0),12/12/24 23:00:00,A,INF_MNT,MIO_EUR,PL,2006,30,,
ESTAT:IWW_EC_INVEST(1.0),12/12/24 23:00:00,A,INF_MNT,MIO_EUR,PL,2007,8,,
ESTAT:IWW_EC_INVEST(1.0),12/12/24 23:00:00,A,INF_MNT,MIO_EUR,SK,2003,1351,,
ESTAT:IWW_EC_INVEST(1.0),12/12/24 23:00:00,A,INF_MNT,MIO_EUR,SK,2004,617,,
ESTAT:IWW_EC_INVEST(1.0),12/12/24 23:00:00,A,INF_MNT,MIO_EUR,SK,2005,799,,
ESTAT:IWW_EC_INVEST(1.0),12/12/24 23:00:00,A,INF_MNT,MIO_EUR,SK,2006,313,,
ESTAT:IWW_EC_INVEST(1.0),12/12/24 23:00:00,A,INF_MNT,MIO_EUR,SK,2007,362,,
ESTAT:IWW_EC_INVEST(1.0),12/12/24 23:00:00,A,INF_MNT,MIO_EUR,SK,2008,1144,,
ESTAT:IWW_EC_INVEST(1.0),12/12/24 23:00:00,A,INF_MNT,MIO_EUR,SK,2010,21,,
ESTAT:IWW_EC_INVEST(1.0),12/12/24 23:00:00,A,INF_MNT,MIO_EUR,SK,2011,23,,
ESTAT:IWW_EC_INVEST(1.0),12/12/24 23:00:00,A,INF_MNT,MIO_EUR,SK,2012,26,,
ESTAT:IWW_EC_INVEST(1.0),12/12/24 23:00:00,A,INF_MNT,MIO_EUR,SK,2013,3.700,,
ESTAT:IWW_EC_INVEST(1.0),12/12/24 23:00:00,A,INF_MNT,MIO_EUR,SK,2014,9.300,,
ESTAT:IWW_EC_INVEST(1.0),12/12/24 23:00:00,A,INF_MNT,MIO_EUR,SK,2015,3.600,,
ESTAT:IWW_EC_INVEST(1.0),12/12/24 23:00:00,A,INF_MNT,MIO_EUR,SK,2016,0.300,,
ESTAT:IWW_EC_INVEST(1.0),12/12/24 23:00:00,A,INF_MNT,MIO_EUR,SK,2017,7.100,,
ESTAT:IWW_EC_INVEST(1.0),12/12/24 23:00:00,A,INF_MNT,MIO_EUR,SK,2018,1.800,,
ESTAT:IWW_EC_INVEST(1.0),12/12/24 23:00:00,A,INF_MNT,MIO_EUR,SK,2019,2.300,,
ESTAT:IWW_EC_INVEST(1.0),12/12/24 23:00:00,A,INF_MNT,MIO_EUR,SK,2020,2,,
ESTAT:IWW_EC_INVEST(1.0),12/12/24 23:00:00,A,INF_MNT,MIO_EUR,SK,2021,2.100,,
ESTAT:IWW_EC_INVEST(1.0),12/12/24 23:00:00,A,INF_MNT,MIO_EUR,SK,2022,2.700,,
ESTAT:IWW_EC_INVEST(1.0),12/12/24 23:00:00,A,INF_MNT,MIO_EUR,SK,2023,2.900,,
ESTAT:IWW_EC_INVEST(1.0),12/12/24 23:00:00,A,INF_MNT,MIO_EUR,XK,2018,,m,
